{"_runtime":1.491067,"_step":99,"_wandb":{"runtime":1},"mse_train":0.4908236951513194,"mse_val":0.4456629363070924,"_timestamp":1.7287363624437509e+09}