{"loss_train":4.040717424449385,"accuracy_train":0.09694142042509073,"loss_val":4.282267024447377,"_wandb":{"runtime":3},"accuracy_val":0.10697674418604651,"_timestamp":1.728732126616373e+09,"_runtime":3.499434,"_step":99}