{"_step":99,"loss_train":0.39825698536982546,"accuracy_train":0,"_wandb":{"runtime":1},"loss_val":0.41545202649627555,"accuracy_val":0,"_timestamp":1.7287343233038988e+09,"_runtime":1.2774670000000001}