{"mse_val":NaN,"_timestamp":1.7287356009314282e+09,"_runtime":1.7601550000000001,"_wandb":{"runtime":1},"_step":99,"mse_train":NaN}