{"loss_val":0.2383245450226939,"_wandb":{"runtime":1},"accuracy_val":0.1686046511627907,"_timestamp":1.7287301257696059e+09,"_runtime":1.256628,"_step":99,"loss_train":0.23731254987220263,"accuracy_train":0.1675}