{"_timestamp":1.728736646239777e+09,"_runtime":1.21998,"_step":99,"mse_train":0.9988150578138915,"_wandb":{"runtime":1},"mse_val":0.8440279472467616}