{"_runtime":1.7024219999999999,"_step":99,"loss_train":0.40299573506492864,"accuracy_train":0.12752721617418353,"loss_val":0.45724137405982485,"accuracy_val":0.1186046511627907,"_timestamp":1.728734271490242e+09,"_wandb":{"runtime":1}}