{"mse_train":0.2739447653747054,"mse_val":0.32345153851545044,"_timestamp":1.7287347150627918e+09,"_runtime":1.222559,"_step":99,"_wandb":{"runtime":1}}