{"loss_val":0.1934499215879061,"accuracy_val":0.5290697674418605,"_timestamp":1.728729321697061e+09,"_runtime":3.3631510000000002,"_wandb":{"runtime":3},"_step":99,"loss_train":0.17846521796222575,"accuracy_train":0.7625}