{"_runtime":2.448417,"_step":99,"loss_train":0.20123547153985513,"accuracy_train":0.56375,"loss_val":0.20084087020626726,"_wandb":{"runtime":2},"accuracy_val":0.5406976744186046,"_timestamp":1.728730419534136e+09}