{"loss_val":0.2012031063745001,"accuracy_val":0.45348837209302323,"_wandb":{"runtime":6},"_timestamp":1.728729481290882e+09,"_runtime":6.588387,"_step":99,"loss_train":0.20346211856283994,"accuracy_train":0.40625}