{"loss_train":0.19229939424162273,"accuracy_train":0.625,"loss_val":0.198210634471934,"_wandb":{"runtime":2},"accuracy_val":0.4883720930232558,"_timestamp":1.728730324736026e+09,"_runtime":2.768118,"_step":99}