{"_runtime":1.470709,"_step":99,"_wandb":{"runtime":1},"mse_train":0.28818826450093193,"mse_val":0.3290536470122361,"_timestamp":1.72873591875228e+09}