{"accuracy_train":0.12493519958527735,"loss_val":NaN,"accuracy_val":0.1186046511627907,"_wandb":{"runtime":1},"_timestamp":1.728734105886155e+09,"_runtime":1.7019769999999999,"_step":99,"loss_train":NaN}