{"accuracy_val":0.12790697674418605,"_timestamp":1.728548748470133e+09,"_runtime":46.449462,"_wandb":{"runtime":46},"_step":99,"loss_train":0.2553382402894556,"accuracy_train":0.11125,"loss_val":0.2522738489983083}