{"loss_val":0.1960833984183705,"accuracy_val":0.5755813953488372,"_timestamp":1.728729106451355e+09,"_runtime":3.384121,"_step":99,"_wandb":{"runtime":3},"loss_train":0.18846376531573056,"accuracy_train":0.7}