{"_runtime":1.260856,"_step":99,"loss_train":0.2707843419807436,"_wandb":{"runtime":1},"accuracy_train":0.3737687921202696,"loss_val":0.28751238623648173,"accuracy_val":0.3581395348837209,"_timestamp":1.7287339787231061e+09}