{"_step":99,"mse_train":0.2981135434484253,"_wandb":{"runtime":1},"mse_val":0.32173737941845865,"_timestamp":1.728737148838009e+09,"_runtime":1.170306}