{"mse_val":0.926136837182311,"_timestamp":1.72873734716901e+09,"_runtime":1.172652,"_step":99,"mse_train":0.7821584050593563,"_wandb":{"runtime":1}}