{"accuracy_val":0.5872093023255814,"_timestamp":1.728727506404962e+09,"_runtime":1.947212,"_step":99,"loss_train":0.1946533802950898,"accuracy_train":0.60625,"_wandb":{"runtime":1},"loss_val":0.19567238971796982}