{"loss_val":0.21322867006613613,"accuracy_val":0.05232558139534884,"_timestamp":1.7287301531320682e+09,"_wandb":{"runtime":2},"_runtime":2.924678,"_step":99,"loss_train":0.19979058693572613,"accuracy_train":0.0475}