{"_runtime":3.821698,"_step":99,"_wandb":{"runtime":3},"loss_train":0.3476096233248483,"accuracy_train":0.01918092275790565,"loss_val":0.3635457505513808,"accuracy_val":0.01627906976744186,"_timestamp":1.728732418518261e+09}