{"_step":99,"loss_train":0.3597100751243204,"accuracy_train":0,"_wandb":{"runtime":1},"loss_val":0.3753269387109399,"accuracy_val":0,"_timestamp":1.728731619263144e+09,"_runtime":1.6914449999999999}