{"_wandb":{"runtime":3},"loss_val":0.3817662681682837,"accuracy_val":0,"_timestamp":1.7287320416245298e+09,"_runtime":3.211342,"_step":99,"loss_train":0.36662560197557337,"accuracy_train":0}