{"_step":99,"_wandb":{"runtime":2},"loss_train":0.19411613371789346,"accuracy_train":0.58875,"loss_val":0.19564873777888409,"accuracy_val":0.5697674418604651,"_timestamp":1.728730585803544e+09,"_runtime":2.536601}