{"loss_train":0.19399084829357713,"accuracy_train":0.63375,"loss_val":0.1963133199036123,"accuracy_val":0.5697674418604651,"_wandb":{"runtime":1},"_timestamp":1.7287311746518688e+09,"_runtime":1.769053,"_step":99}