{"loss_val":NaN,"accuracy_val":0.2558139534883721,"_timestamp":1.7287340290384169e+09,"_runtime":1.54303,"_step":99,"loss_train":NaN,"_wandb":{"runtime":1},"accuracy_train":0.24624157594608606}