{"mse_val":0.8091052896819312,"_wandb":{"runtime":1},"_timestamp":1.7287370458623629e+09,"_runtime":1.155684,"_step":99,"mse_train":0.7935487723831262}