{"_runtime":1.176951,"_wandb":{"runtime":1},"_step":99,"mse_train":0.700325564520832,"mse_val":0.8299650325701247,"_timestamp":1.7287362147300081e+09}