{"_step":99,"mse_train":0.6617571210389019,"_wandb":{"runtime":1},"mse_val":0.8992534357684314,"_timestamp":1.72873640872282e+09,"_runtime":1.44956}