{"_step":99,"_wandb":{"runtime":1},"loss_train":NaN,"accuracy_train":0.23691031622602385,"loss_val":NaN,"accuracy_val":0.18372093023255814,"_timestamp":1.728734379666941e+09,"_runtime":1.55156}