{"_step":99,"loss_train":0.3000121084991938,"accuracy_train":0.15292897874546396,"loss_val":0.44730245420320214,"accuracy_val":0.08837209302325581,"_wandb":{"runtime":1},"_timestamp":1.728734551681592e+09,"_runtime":1.67021}