{"loss_val":0.20083337135950938,"accuracy_val":0.47093023255813954,"_timestamp":1.728727459584834e+09,"_runtime":1.899135,"_step":99,"_wandb":{"runtime":1},"loss_train":0.19739656431437572,"accuracy_train":0.535}