{"loss_val":NaN,"accuracy_val":0.16744186046511628,"_timestamp":1.728733498942688e+09,"_runtime":4.437069,"_step":99,"_wandb":{"runtime":4},"loss_train":NaN,"accuracy_train":0.15552099533437014}