{"_step":99,"loss_train":0.20582666879636083,"accuracy_train":0.5225,"loss_val":0.2056404786309789,"accuracy_val":0.5465116279069767,"_timestamp":1.728730248899946e+09,"_runtime":2.508304,"_wandb":{"runtime":2}}