{"mse_val":0.8457820509855731,"_timestamp":1.7287348068748548e+09,"_runtime":1.137279,"_step":99,"mse_train":0.754331683756972,"_wandb":{"runtime":1}}