{"_wandb":{"runtime":1},"loss_val":0.1961991469111442,"accuracy_val":0.5581395348837209,"_timestamp":1.7287274409300768e+09,"_runtime":1.7371569999999998,"_step":99,"loss_train":0.19296706086048926,"accuracy_train":0.62625}