{"accuracy_train":0,"loss_val":0.3514221183649512,"accuracy_val":0,"_timestamp":1.7287314771303759e+09,"_runtime":1.752593,"_wandb":{"runtime":1},"_step":99,"loss_train":0.3352366003764495}