{"loss_val":NaN,"accuracy_val":0.1511627906976744,"_timestamp":1.728731591239569e+09,"_runtime":2.852325,"_step":99,"loss_train":NaN,"accuracy_train":0.1472265422498704,"_wandb":{"runtime":2}}