{"_wandb":{"runtime":1},"_step":99,"loss_train":0.35921716665280634,"accuracy_train":0,"loss_val":0.37572681617121134,"accuracy_val":0,"_timestamp":1.728734126488786e+09,"_runtime":1.6780840000000001}