{"mse_train":0.9999999999999999,"mse_val":1,"_timestamp":1.728736130331041e+09,"_wandb":{"runtime":1},"_runtime":1.234942,"_step":99}