{"mse_train":0.5367634947815115,"mse_val":0.5344829091573813,"_timestamp":1.728735836408851e+09,"_runtime":1.658874,"_wandb":{"runtime":1},"_step":99}