{"_step":99,"_wandb":{"runtime":2},"loss_train":0.2054900170863571,"accuracy_train":0.40625,"loss_val":0.20076617988055392,"accuracy_val":0.45348837209302323,"_timestamp":1.728731406158161e+09,"_runtime":2.917713}