{"loss_val":0.3317438173897243,"accuracy_val":0.2116279069767442,"_timestamp":1.728733082749386e+09,"_wandb":{"runtime":1},"_runtime":1.772419,"_step":99,"loss_train":0.3125538735694056,"accuracy_train":0.21565578019699327}