{"loss_train":2.124976316239025,"accuracy_train":0.272680145152929,"loss_val":2.3673204583362395,"accuracy_val":0.2813953488372093,"_timestamp":1.7287316675515e+09,"_runtime":1.929673,"_wandb":{"runtime":1},"_step":99}