{"_step":99,"_wandb":{"runtime":1},"mse_train":1.0362091301631486,"mse_val":1.0455551196368356,"_timestamp":1.728736911220205e+09,"_runtime":1.199284}