{"_wandb":{"runtime":2},"_runtime":2.16867,"_step":99,"loss_train":0.2056317539220409,"accuracy_train":0.4225,"loss_val":0.20580130379743547,"accuracy_val":0.36046511627906974,"_timestamp":1.7287310353337111e+09}