{"loss_val":0.3769364984109665,"accuracy_val":0,"_timestamp":1.728732247136995e+09,"_wandb":{"runtime":3},"_runtime":3.083178,"_step":99,"loss_train":0.36203958177772183,"accuracy_train":0}