{"_wandb":{"runtime":1},"mse_train":0.6254062713006429,"mse_val":0.675900981436158,"_timestamp":1.728734887625262e+09,"_runtime":1.282295,"_step":99}