{"loss_val":0.35782382584028427,"accuracy_val":0.11162790697674418,"_timestamp":1.7287344491013398e+09,"_runtime":1.696542,"_step":99,"loss_train":0.3408612258305652,"_wandb":{"runtime":1},"accuracy_train":0.1057542768273717}