{"_wandb":{"runtime":1},"_timestamp":1.728737176652074e+09,"_runtime":1.3668339999999999,"_step":99,"mse_train":0.614205713090975,"mse_val":0.6980841017070837}