{"_timestamp":1.7287348571922402e+09,"_runtime":1.320379,"_step":99,"mse_train":0.2683601211843276,"mse_val":0.32040567113815993,"_wandb":{"runtime":1}}