{"_timestamp":1.728734530901684e+09,"_runtime":1.6571850000000001,"_step":99,"loss_train":0.3658489548512979,"accuracy_train":0.0015552099533437014,"loss_val":0.38331713794777367,"_wandb":{"runtime":1},"accuracy_val":0.002325581395348837}