{"_runtime":1.297945,"_step":99,"_wandb":{"runtime":1},"mse_train":0.26826588895823267,"mse_val":0.31907461740541454,"_timestamp":1.728736572056214e+09}