{"_timestamp":1.728736925723794e+09,"_runtime":1.5742509999999998,"_step":99,"_wandb":{"runtime":1},"mse_train":0.6332829810312007,"mse_val":0.6497103302197762}