{"loss_val":0.1970485280501497,"accuracy_val":0.563953488372093,"_timestamp":1.7287304595785978e+09,"_runtime":2.406761,"_step":99,"loss_train":0.19142098266123223,"_wandb":{"runtime":2},"accuracy_train":0.6575}