{"_step":99,"loss_train":0.3660994983733368,"accuracy_train":0.0005184033177812338,"loss_val":0.4213010813676087,"accuracy_val":0,"_timestamp":1.728733272075677e+09,"_wandb":{"runtime":1},"_runtime":1.941122}