{"mse_val":0.7337035380343155,"_timestamp":1.728736669343408e+09,"_runtime":1.5833650000000001,"_step":99,"_wandb":{"runtime":1},"mse_train":0.6391054956647987}