{"_runtime":1.922156,"_step":99,"loss_train":0.27100765794034587,"accuracy_train":0.6174183514774495,"_wandb":{"runtime":1},"loss_val":1.3690238794455851,"accuracy_val":0.3209302325581395,"_timestamp":1.728731821108762e+09}