{"_step":99,"loss_train":NaN,"accuracy_train":0.6998444790046656,"loss_val":NaN,"accuracy_val":0.6906976744186046,"_timestamp":1.7287345263647099e+09,"_runtime":2.368952,"_wandb":{"runtime":2}}