{"_step":99,"_wandb":{"runtime":1},"mse_train":0.9734710833923818,"mse_val":0.96904304692537,"_timestamp":1.7287357946731641e+09,"_runtime":1.213499}