{"_step":99,"mse_train":0.2962125074490785,"mse_val":0.39540184033755715,"_timestamp":1.728735219707901e+09,"_runtime":2.749387,"_wandb":{"runtime":2}}