{"_runtime":1.157843,"_step":99,"_wandb":{"runtime":1},"mse_train":0.634102442975863,"mse_val":0.7916387549919558,"_timestamp":1.728736236326143e+09}