{"_step":99,"mse_train":0.646117893901965,"mse_val":0.8773103302738203,"_timestamp":1.728735877159184e+09,"_wandb":{"runtime":1},"_runtime":1.17813}