{"loss_val":0.19233243294801505,"_wandb":{"runtime":1},"accuracy_val":0.563953488372093,"_timestamp":1.728730185838584e+09,"_runtime":1.873381,"_step":99,"loss_train":0.1741876007574421,"accuracy_train":0.80875}