{"accuracy_val":0.37209302325581395,"_timestamp":1.728728742874232e+09,"_wandb":{"runtime":3},"_runtime":3.657597,"_step":99,"loss_train":0.20675767348978577,"accuracy_train":0.42375,"loss_val":0.20681925142765256}