{"accuracy_val":0.20930232558139536,"_timestamp":1.7287342778199492e+09,"_runtime":3.300404,"_step":99,"_wandb":{"runtime":3},"loss_train":0.3216304069194972,"accuracy_train":0.31933644375324,"loss_val":0.7128320130837014}