{"loss_val":NaN,"accuracy_val":0.24883720930232558,"_timestamp":1.728732279623693e+09,"_runtime":3.125302,"_step":99,"_wandb":{"runtime":3},"loss_train":NaN,"accuracy_train":0.3343701399688958}