{"accuracy_val":0.06744186046511629,"_timestamp":1.728733480232693e+09,"_wandb":{"runtime":2},"_runtime":2.115924,"_step":99,"loss_train":0.3569128360954644,"accuracy_train":0.07413167444271643,"loss_val":0.37721933311633987}