{"_runtime":1.8655810000000002,"_step":99,"loss_train":0.35598166914341756,"accuracy_train":0.08242612752721618,"loss_val":0.3830439622374595,"_wandb":{"runtime":1},"accuracy_val":0.07209302325581396,"_timestamp":1.728734262036418e+09}