{"_runtime":17.731572,"_step":99,"loss_train":0.1648966618063826,"accuracy_train":0.30125,"loss_val":0.15617500404201776,"_wandb":{"runtime":17},"accuracy_val":0.3081395348837209,"_timestamp":1.7285493321806238e+09}