{"_runtime":3.553062,"_step":99,"loss_train":0.18504977789228752,"accuracy_train":0.72875,"loss_val":0.19470029405237954,"accuracy_val":0.6046511627906976,"_wandb":{"runtime":3},"_timestamp":1.728729098887846e+09}