{"loss_train":0.18376793562238786,"accuracy_train":0.6525,"loss_val":0.19370371507061768,"accuracy_val":0.5348837209302325,"_timestamp":1.728731349682156e+09,"_runtime":1.723827,"_wandb":{"runtime":1},"_step":99}