{"loss_val":0.19651257164930117,"accuracy_val":0.5872093023255814,"_timestamp":1.728731179287389e+09,"_runtime":1.6882920000000001,"_step":99,"_wandb":{"runtime":1},"loss_train":0.19502655097031807,"accuracy_train":0.59125}