{"mse_train":0.27813417229492027,"mse_val":0.336835790239312,"_timestamp":1.728737163010886e+09,"_wandb":{"runtime":1},"_runtime":1.486312,"_step":99}