{"loss_val":1.3623621902734975,"accuracy_val":0.3767441860465116,"_timestamp":1.7287331462447271e+09,"_runtime":1.753979,"_wandb":{"runtime":1},"_step":99,"loss_train":0.2583537349884873,"accuracy_train":0.6801451529289787}