{"_step":99,"loss_train":0.1930369762623772,"accuracy_train":0.62875,"loss_val":0.19710019313895746,"accuracy_val":0.5406976744186046,"_timestamp":1.728729725223351e+09,"_runtime":2.034324,"_wandb":{"runtime":2}}