{"_wandb":{"runtime":1},"loss_train":NaN,"accuracy_train":0.25505443234836706,"loss_val":NaN,"accuracy_val":0.26976744186046514,"_timestamp":1.728733031763798e+09,"_runtime":1.6701700000000002,"_step":99}