{"loss_train":0.1983700925178626,"accuracy_train":0.5325,"_wandb":{"runtime":2},"loss_val":0.2006888213132119,"accuracy_val":0.5,"_timestamp":1.7287304791313212e+09,"_runtime":2.681748,"_step":99}