{"loss_val":0.19535521907949285,"accuracy_val":0.5581395348837209,"_timestamp":1.7287294708086798e+09,"_runtime":3.552555,"_step":99,"_wandb":{"runtime":3},"loss_train":0.1905564045043882,"accuracy_train":0.6425}