{"_step":99,"_wandb":{"runtime":2},"mse_train":1.0000035612708282,"mse_val":1.0000032125842004,"_timestamp":1.728735642164352e+09,"_runtime":2.241883}