{"mse_val":0.6087245253483365,"_timestamp":1.728735827448813e+09,"_runtime":1.208138,"_step":99,"mse_train":0.5621193171622619,"_wandb":{"runtime":1}}