{"_step":99,"loss_train":0.19564661837355654,"accuracy_train":0.625,"loss_val":0.19750358544017582,"accuracy_val":0.5581395348837209,"_wandb":{"runtime":1},"_timestamp":1.728731109257409e+09,"_runtime":1.819107}