{"_step":99,"loss_train":NaN,"accuracy_train":0.9331259720062208,"loss_val":NaN,"_wandb":{"runtime":2},"accuracy_val":0.5395348837209303,"_timestamp":1.728733711239695e+09,"_runtime":2.290148}