{"_step":99,"loss_train":0.1944182433700405,"accuracy_train":0.605,"loss_val":0.19568819345622016,"accuracy_val":0.5697674418604651,"_timestamp":1.7287274455815392e+09,"_runtime":1.74203,"_wandb":{"runtime":1}}