{"accuracy_val":0.06046511627906977,"_timestamp":1.728733491561116e+09,"_runtime":2.197325,"_step":99,"loss_train":0.3633824505201087,"_wandb":{"runtime":2},"accuracy_train":0.06531881804043546,"loss_val":0.38292783383957024}