{"_runtime":1.75918,"_step":99,"loss_train":0.17338545038094208,"accuracy_train":0.7475,"loss_val":0.20461948309060843,"accuracy_val":0.43023255813953487,"_wandb":{"runtime":1},"_timestamp":1.7287285001334e+09}