{"accuracy_val":0.563953488372093,"_timestamp":1.72873120697327e+09,"_runtime":1.712824,"_wandb":{"runtime":1},"_step":99,"loss_train":0.1794165365880867,"accuracy_train":0.7675,"loss_val":0.19219106618877502}