{"_timestamp":1.7287348767771652e+09,"_runtime":1.096818,"_step":99,"_wandb":{"runtime":1},"mse_train":0.5854040156131842,"mse_val":0.673577222200059}