{"loss_val":0.3387565731988852,"accuracy_val":0.4,"_timestamp":1.7287332248800619e+09,"_runtime":1.838739,"_step":99,"_wandb":{"runtime":1},"loss_train":0.24707694953513185,"accuracy_train":0.5640228097459824}