{"_wandb":{"runtime":1},"_timestamp":1.728736657939371e+09,"_runtime":1.4254,"_step":99,"mse_train":0.8642802073996338,"mse_val":0.9831054110759411}