{"loss_val":4.339896469094292,"accuracy_val":0.2558139534883721,"_timestamp":1.72873284238281e+09,"_runtime":1.293835,"_step":99,"_wandb":{"runtime":1},"loss_train":4.240007730043005,"accuracy_train":0.26127527216174184}