{"loss_val":0.2097353447552178,"accuracy_val":0.36627906976744184,"_timestamp":1.728729090379303e+09,"_wandb":{"runtime":1},"_runtime":1.4443730000000001,"_step":99,"loss_train":0.21126417460296704,"accuracy_train":0.335}