{"_step":99,"_wandb":{"runtime":2},"loss_train":0.19497495855255648,"accuracy_train":0.605,"loss_val":0.1956643573562247,"accuracy_val":0.5813953488372093,"_timestamp":1.728730534697899e+09,"_runtime":2.360073}