{"_runtime":1.228486,"_step":99,"_wandb":{"runtime":1},"mse_train":0.5145352969935095,"mse_val":0.5772066028798509,"_timestamp":1.728735849711016e+09}