{"_runtime":1.124091,"_wandb":{"runtime":1},"_step":99,"loss_train":0.2475558638985328,"accuracy_train":0.6350440642820114,"loss_val":0.26112154539803584,"accuracy_val":0.6162790697674418,"_timestamp":1.728732035108932e+09}