{"_timestamp":1.728734385455413e+09,"_runtime":2.329717,"_step":99,"loss_train":NaN,"accuracy_train":0.31363400725764645,"loss_val":NaN,"accuracy_val":0.29534883720930233,"_wandb":{"runtime":2}}