{"_wandb":{"runtime":1},"mse_train":0.3396687570174691,"mse_val":0.3861337793559653,"_timestamp":1.7287348436534688e+09,"_runtime":1.118928,"_step":99}