{"_wandb":{"runtime":3},"accuracy_train":0.60125,"loss_val":0.19733980994905664,"accuracy_val":0.5697674418604651,"_timestamp":1.728729014608761e+09,"_runtime":3.307321,"_step":99,"loss_train":0.19729465923930473}