{"accuracy_val":0.3697674418604651,"_timestamp":1.7287321198433459e+09,"_runtime":5.561651,"_step":99,"loss_train":NaN,"accuracy_train":0.6671850699844479,"loss_val":NaN,"_wandb":{"runtime":5}}