{"_wandb":{"runtime":1},"_step":99,"mse_train":0.9999999999999999,"mse_val":1,"_timestamp":1.728737254733113e+09,"_runtime":1.169085}