{"_step":99,"loss_train":NaN,"accuracy_train":0.567651632970451,"loss_val":NaN,"accuracy_val":0.48604651162790696,"_wandb":{"runtime":2},"_timestamp":1.7287338565907578e+09,"_runtime":2.385004}