{"_wandb":{"runtime":3},"loss_val":0.1953397621501563,"accuracy_val":0.5465116279069767,"_timestamp":1.728730308371367e+09,"_runtime":3.827765,"_step":99,"loss_train":0.18185327661497788,"accuracy_train":0.755}