{"loss_val":0.1957181420182201,"_wandb":{"runtime":2},"accuracy_val":0.5813953488372093,"_timestamp":1.728731015381938e+09,"_runtime":2.454571,"_step":99,"loss_train":0.19470693207950318,"accuracy_train":0.595}