{"loss_train":0.20336627188732584,"accuracy_train":0.56375,"loss_val":0.20312041193827365,"accuracy_val":0.5406976744186046,"_timestamp":1.728730559391177e+09,"_runtime":2.460926,"_step":99,"_wandb":{"runtime":2}}