{"mse_train":NaN,"mse_val":NaN,"_timestamp":1.728735119287243e+09,"_runtime":1.7179950000000002,"_step":99,"_wandb":{"runtime":1}}