{"_step":99,"_wandb":{"runtime":1},"loss_train":NaN,"accuracy_train":0.4085018144116122,"loss_val":NaN,"accuracy_val":0.2534883720930233,"_timestamp":1.7287319212513049e+09,"_runtime":1.638657}