{"loss_train":4.241409324457551,"accuracy_train":0.21202695697252463,"loss_val":4.2616534865005935,"accuracy_val":0.21627906976744185,"_timestamp":1.728731530967909e+09,"_runtime":1.9184679999999998,"_step":99,"_wandb":{"runtime":1}}