{"_runtime":1.9869560000000002,"_step":99,"mse_train":NaN,"mse_val":NaN,"_wandb":{"runtime":1},"_timestamp":1.7287355623845901e+09}