{"_runtime":3.822121,"_wandb":{"runtime":3},"_step":99,"loss_train":0.18638306820254671,"accuracy_train":0.675,"loss_val":0.1944773007632447,"accuracy_val":0.5813953488372093,"_timestamp":1.728729373159067e+09}