{"_step":99,"loss_train":0.18436841338037555,"_wandb":{"runtime":3},"accuracy_train":0.725,"loss_val":0.19450867186064805,"accuracy_val":0.5581395348837209,"_timestamp":1.728729463599183e+09,"_runtime":3.5956609999999998}