{"_step":99,"_wandb":{"runtime":2},"loss_train":0.3212573158463677,"accuracy_train":0.1855883877656817,"loss_val":0.3508212722190147,"accuracy_val":0.14418604651162792,"_timestamp":1.7287336733230321e+09,"_runtime":2.3717829999999998}