{"loss_train":0.2107129882306749,"accuracy_train":0.2725,"loss_val":0.21431117323944557,"accuracy_val":0.2616279069767442,"_timestamp":1.7287297197145941e+09,"_runtime":1.194497,"_step":99,"_wandb":{"runtime":1}}