{"_wandb":{"runtime":1},"_timestamp":1.72873599439446e+09,"_runtime":1.18626,"_step":99,"mse_train":0.6959364908716325,"mse_val":0.7565228211225135}