{"loss_train":0.20584278384320998,"accuracy_train":0.42375,"loss_val":0.2059078707786415,"_wandb":{"runtime":3},"accuracy_val":0.37209302325581395,"_timestamp":1.7287290535571241e+09,"_runtime":3.654052,"_step":99}