{"_runtime":1.416736,"_step":99,"_wandb":{"runtime":1},"mse_train":0.9520114140153817,"mse_val":1.1600562063101518,"_timestamp":1.728736816610425e+09}