{"_step":99,"mse_train":0.7099761875379255,"_wandb":{"runtime":1},"mse_val":0.7798274186200194,"_timestamp":1.7287347055007832e+09,"_runtime":1.137313}