{"mse_val":0.7660148449375148,"_timestamp":1.728736051733074e+09,"_runtime":1.191381,"_step":99,"_wandb":{"runtime":1},"mse_train":0.7099904316508672}