{"accuracy_train":0.04561949196474858,"loss_val":0.3453306756400337,"accuracy_val":0.04883720930232558,"_wandb":{"runtime":3},"_timestamp":1.728732063325453e+09,"_runtime":3.250151,"_step":99,"loss_train":0.33424262825568907}