{"accuracy_train":0.7575,"loss_val":0.19608212444948286,"accuracy_val":0.5174418604651163,"_timestamp":1.728727343861658e+09,"_wandb":{"runtime":3},"_runtime":3.471561,"_step":99,"loss_train":0.18253084480950965}