{"accuracy_val":0.6953488372093023,"_wandb":{"runtime":0},"_timestamp":1.728731924853419e+09,"_runtime":0.997299,"_step":99,"loss_train":NaN,"accuracy_train":0.6837739761534474,"loss_val":NaN}