{"_runtime":1.607456,"_step":99,"mse_train":0.641937218881451,"mse_val":0.6540437953632806,"_wandb":{"runtime":1},"_timestamp":1.728735819458317e+09}