{"loss_train":0.3713823517406831,"accuracy_train":0.35769828926905134,"loss_val":0.5969755105561386,"_wandb":{"runtime":2},"accuracy_val":0.24883720930232558,"_timestamp":1.728733230993898e+09,"_runtime":2.947887,"_step":99}