{"_runtime":1.420782,"_step":99,"_wandb":{"runtime":1},"mse_train":0.9865869559671734,"mse_val":0.9891201035605132,"_timestamp":1.7287370548811488e+09}