{"loss_val":NaN,"accuracy_val":0.24651162790697675,"_timestamp":1.728734079035776e+09,"_runtime":1.492387,"_wandb":{"runtime":1},"_step":99,"loss_train":NaN,"accuracy_train":0.27579056505961635}