{"mse_train":0.42207792397848776,"mse_val":0.4978087924540002,"_timestamp":1.728737211473033e+09,"_runtime":1.22781,"_step":99,"_wandb":{"runtime":1}}