{"loss_val":0.2139795919755842,"accuracy_val":0.3313953488372093,"_timestamp":1.728729715946541e+09,"_wandb":{"runtime":1},"_runtime":1.892922,"_step":99,"loss_train":0.21727047355430276,"accuracy_train":0.3075}