{"_step":99,"loss_train":0.2676180909720763,"accuracy_train":0.47796785899429756,"loss_val":0.36103538322422685,"accuracy_val":0.32558139534883723,"_timestamp":1.7287338386084878e+09,"_runtime":2.232639,"_wandb":{"runtime":2}}