{"accuracy_train":0.6630378434421981,"loss_val":0.9966856290063572,"accuracy_val":0.37906976744186044,"_timestamp":1.728733766829321e+09,"_runtime":2.9127359999999998,"_step":99,"_wandb":{"runtime":2},"loss_train":0.23767751753024957}