{"loss_val":NaN,"_wandb":{"runtime":1},"accuracy_val":0.6930232558139535,"_timestamp":1.728733239559778e+09,"_runtime":1.180814,"_step":99,"loss_train":NaN,"accuracy_train":0.7008812856402281}