{"_step":99,"loss_train":0.21010503886172677,"accuracy_train":0.42875,"loss_val":0.21119686943800656,"accuracy_val":0.4418604651162791,"_timestamp":1.7287274629703748e+09,"_runtime":1.182067,"_wandb":{"runtime":1}}