{"_wandb":{"runtime":1},"loss_val":1.4851972174727515,"accuracy_val":0.3023255813953488,"_timestamp":1.728732854884073e+09,"_runtime":1.828932,"_step":99,"loss_train":1.196076456652771,"accuracy_train":0.3322965266977709}