{"mse_val":0.35289422019005545,"_wandb":{"runtime":1},"_timestamp":1.728737015405567e+09,"_runtime":1.316026,"_step":99,"mse_train":0.28790362383378504}