{"_wandb":{"runtime":1},"_runtime":1.190605,"_step":99,"mse_train":0.5271278487559863,"mse_val":0.6636510222060621,"_timestamp":1.728735891792793e+09}