{"_step":99,"loss_train":0.36280708267342693,"accuracy_train":0,"loss_val":0.3763836016286849,"accuracy_val":0,"_wandb":{"runtime":1},"_timestamp":1.728731614719744e+09,"_runtime":1.6913420000000001}