{"_runtime":1.0702099999999999,"_step":99,"_wandb":{"runtime":1},"mse_train":NaN,"mse_val":NaN,"_timestamp":1.728734994647361e+09}