{"accuracy_val":0.5232558139534884,"_wandb":{"runtime":1},"_timestamp":1.728731257778841e+09,"_runtime":1.7594319999999999,"_step":99,"loss_train":0.18833984048041247,"accuracy_train":0.69375,"loss_val":0.1948394536009719}