{"_step":99,"loss_train":0.19772388934985152,"accuracy_train":0.56125,"loss_val":0.19910376041347413,"accuracy_val":0.5116279069767442,"_timestamp":1.728728900492247e+09,"_runtime":3.477972,"_wandb":{"runtime":3}}