{"loss_train":0.353637464311169,"_wandb":{"runtime":1},"accuracy_train":0.01918092275790565,"loss_val":0.3713468596446173,"accuracy_val":0.01627906976744186,"_timestamp":1.728731604624387e+09,"_runtime":1.844978,"_step":99}