{"_wandb":{"runtime":1},"mse_train":0.9999999999999999,"mse_val":1,"_timestamp":1.7287367582588642e+09,"_runtime":1.157097,"_step":99}