{"_runtime":42.027616,"_step":99,"_wandb":{"runtime":42},"loss_train":0.32445706222279563,"accuracy_train":0.1025,"loss_val":0.31341754467002414,"accuracy_val":0.09302325581395349,"_timestamp":1.7285498059362e+09}