{"_wandb":{"runtime":2},"loss_train":0.11604881501960358,"accuracy_train":0.8543286677034733,"loss_val":0.7925142437225329,"accuracy_val":0.4325581395348837,"_timestamp":1.728733827998768e+09,"_runtime":2.558214,"_step":99}