{"_step":99,"loss_train":NaN,"accuracy_train":0.6915500259201659,"loss_val":NaN,"accuracy_val":0.7441860465116279,"_timestamp":1.728731950568506e+09,"_wandb":{"runtime":2},"_runtime":2.965286}