{"accuracy_train":0.6122343182996371,"loss_val":NaN,"accuracy_val":0.5813953488372093,"_timestamp":1.728732628540801e+09,"_runtime":1.221949,"_wandb":{"runtime":1},"_step":99,"loss_train":NaN}