{"loss_val":0.19330151581451846,"_wandb":{"runtime":2},"accuracy_val":0.5813953488372093,"_timestamp":1.728730615646482e+09,"_runtime":2.42563,"_step":99,"loss_train":0.1699473003780327,"accuracy_train":0.8325}