{"accuracy_train":0.42375,"loss_val":0.21138858327876844,"accuracy_val":0.37209302325581395,"_timestamp":1.7287273887127402e+09,"_runtime":1.180836,"_wandb":{"runtime":1},"_step":99,"loss_train":0.21075738966240412}