{"accuracy_train":0.4536029030585796,"loss_val":NaN,"_wandb":{"runtime":3},"accuracy_val":0.4255813953488372,"_timestamp":1.728732623622391e+09,"_runtime":3.143981,"_step":99,"loss_train":NaN}