{"loss_train":NaN,"accuracy_train":0.4489372731985485,"loss_val":NaN,"accuracy_val":0.46744186046511627,"_timestamp":1.728732483566477e+09,"_runtime":4.827504,"_step":99,"_wandb":{"runtime":4}}