{"_runtime":1.10097,"_step":99,"loss_train":0.512965847601579,"accuracy_train":0.12649040953862103,"_wandb":{"runtime":1},"loss_val":0.548808025202387,"accuracy_val":0.11395348837209303,"_timestamp":1.728732582805383e+09}