{"_step":99,"_wandb":{"runtime":1},"mse_train":0.623055074656691,"mse_val":0.66631092156068,"_timestamp":1.728736630520575e+09,"_runtime":1.69939}