{"_wandb":{"runtime":1},"mse_train":0.32721723704461464,"mse_val":0.34208467975341184,"_timestamp":1.7287359140783732e+09,"_runtime":1.219754,"_step":99}