{"loss_val":0.20759253223731397,"accuracy_val":0.38372093023255816,"_timestamp":1.728728913522788e+09,"_runtime":3.3307320000000002,"_step":99,"loss_train":0.20694178205561223,"_wandb":{"runtime":3},"accuracy_train":0.4175}