{"loss_val":0.19696257951086416,"accuracy_val":0.5872093023255814,"_timestamp":1.728729771105201e+09,"_runtime":1.818934,"_step":99,"loss_train":0.19598863077422704,"accuracy_train":0.60125,"_wandb":{"runtime":1}}