{"loss_train":0.18759882480526135,"accuracy_train":0.6325,"loss_val":0.19206779378310723,"accuracy_val":0.5406976744186046,"_timestamp":1.728730006886593e+09,"_wandb":{"runtime":2},"_runtime":2.9929740000000002,"_step":99}