{"mse_val":1.0433775971879364,"_timestamp":1.72873517305565e+09,"_runtime":1.8148119999999999,"_step":99,"mse_train":1.0441176713500513,"_wandb":{"runtime":1}}