{"_step":99,"loss_train":0.23764310228189525,"_wandb":{"runtime":1},"accuracy_train":0.1075,"loss_val":0.23896427665601566,"accuracy_val":0.08139534883720931,"_timestamp":1.728728409055402e+09,"_runtime":1.781657}