{"loss_train":0.18372024607827597,"accuracy_train":0.7288750648004148,"loss_val":0.5361587870047265,"accuracy_val":0.3744186046511628,"_wandb":{"runtime":1},"_timestamp":1.7287332104154491e+09,"_runtime":1.779696,"_step":99}