{"_step":99,"_wandb":{"runtime":1},"mse_train":0.7938978968636493,"mse_val":0.8146276833445139,"_timestamp":1.7287358063016791e+09,"_runtime":1.458425}