{"_runtime":1.9924629999999999,"_step":99,"_wandb":{"runtime":1},"loss_train":0.19801572763908354,"accuracy_train":0.5775,"loss_val":0.19811177216452416,"accuracy_val":0.5697674418604651,"_timestamp":1.728729813133615e+09}