{"_wandb":{"runtime":1},"mse_train":0.9261225046669096,"mse_val":0.9420232945903804,"_timestamp":1.728735810516352e+09,"_runtime":1.129129,"_step":99}