{"loss_val":0.20580219377384712,"_wandb":{"runtime":2},"accuracy_val":0.27906976744186046,"_timestamp":1.72873078151755e+09,"_runtime":2.452315,"_step":99,"loss_train":0.1966841748684617,"accuracy_train":0.38125}