{"accuracy_val":0,"_timestamp":1.728731465846288e+09,"_runtime":1.7501769999999999,"_step":99,"_wandb":{"runtime":1},"loss_train":0.36638196893232117,"accuracy_train":0,"loss_val":0.38085287612690544}