{"accuracy_train":0.24727838258164853,"loss_val":4.153162853077959,"accuracy_val":0.26744186046511625,"_timestamp":1.72873342877917e+09,"_runtime":1.142071,"_step":99,"_wandb":{"runtime":1},"loss_train":4.0175999517731835}