{"mse_val":0.9618464064649759,"_wandb":{"runtime":1},"_timestamp":1.728736321276653e+09,"_runtime":1.427451,"_step":99,"mse_train":0.9544377901194604}