{"accuracy_train":0.60125,"loss_val":0.1948908737272371,"accuracy_val":0.5697674418604651,"_timestamp":1.728730540208129e+09,"_runtime":2.739369,"_wandb":{"runtime":2},"_step":99,"loss_train":0.1937981649786806}