{"mse_train":0.9999999999999999,"_wandb":{"runtime":1},"mse_val":1,"_timestamp":1.728736125374251e+09,"_runtime":1.594884,"_step":99}