{"_step":99,"loss_train":0.3429948672693392,"accuracy_train":0.08035251425609125,"loss_val":0.3624658834272766,"accuracy_val":0.07441860465116279,"_wandb":{"runtime":1},"_timestamp":1.728734334002738e+09,"_runtime":1.589526}