{"accuracy_train":0.5375,"loss_val":0.20311632476136263,"accuracy_val":0.5290697674418605,"_timestamp":1.728727405736434e+09,"_runtime":1.745114,"_step":99,"_wandb":{"runtime":1},"loss_train":0.20319913936873674}