{"accuracy_val":0,"_timestamp":1.7287313791474612e+09,"_runtime":2.411757,"_step":99,"loss_train":0.23025850919940455,"accuracy_train":0,"_wandb":{"runtime":2},"loss_val":0.2302585091994046}