{"_wandb":{"runtime":1},"_timestamp":1.728732800343319e+09,"_runtime":1.743138,"_step":99,"loss_train":NaN,"accuracy_train":0.21669258683255574,"loss_val":NaN,"accuracy_val":0.22093023255813954}