{"_timestamp":1.7285489149308212e+09,"_wandb":{"runtime":9},"_runtime":9.385025,"_step":99,"loss_train":13.560392058182334,"accuracy_train":0.09125,"loss_val":13.690470687271908,"accuracy_val":0.0872093023255814}