{"_timestamp":1.728736939883513e+09,"_runtime":1.459514,"_step":99,"mse_train":0.46543218220277305,"mse_val":0.4726678111966721,"_wandb":{"runtime":1}}