{"mse_val":0.6521201964103633,"_timestamp":1.72873474669473e+09,"_runtime":1.110743,"_step":99,"mse_train":0.6242053459462913,"_wandb":{"runtime":1}}