{"_runtime":4.909051,"_step":99,"_wandb":{"runtime":4},"loss_train":NaN,"accuracy_train":0.7065837221358217,"loss_val":NaN,"accuracy_val":0.6790697674418604,"_timestamp":1.728732661708211e+09}