{"_runtime":3.23219,"_step":99,"loss_train":0.34214758338091605,"accuracy_train":0.04924831518921721,"loss_val":0.35837203298822434,"_wandb":{"runtime":3},"accuracy_val":0.046511627906976744,"_timestamp":1.728732411761994e+09}