{"accuracy_train":0.5624675997926387,"_wandb":{"runtime":3},"loss_val":0.41740214321512287,"accuracy_val":0.3,"_timestamp":1.7287329432682922e+09,"_runtime":3.728167,"_step":99,"loss_train":0.2486832127085645}