{"accuracy_val":0.2441860465116279,"_timestamp":1.7287299797035148e+09,"_runtime":1.050325,"_step":99,"_wandb":{"runtime":1},"loss_train":0.22553436899308657,"accuracy_train":0.27625,"loss_val":0.2302339744968662}