{"_wandb":{"runtime":1},"loss_train":0.3589253289658341,"accuracy_train":0.039917055469155,"loss_val":0.3778211881080701,"accuracy_val":0.027906976744186046,"_timestamp":1.728734459574931e+09,"_runtime":1.54714,"_step":99}