{"_wandb":{"runtime":1},"mse_train":0.4110524252288173,"mse_val":0.4365340499703026,"_timestamp":1.728735201745024e+09,"_runtime":1.909223,"_step":99}