{"_runtime":1.323533,"_step":99,"_wandb":{"runtime":1},"mse_train":0.47985193521728325,"mse_val":0.5679935209241217,"_timestamp":1.72873652121244e+09}