{"mse_train":0.3732182148772065,"mse_val":0.5033758325181602,"_timestamp":1.7287353534233038e+09,"_runtime":1.8135270000000001,"_step":99,"_wandb":{"runtime":1}}