{"loss_train":0.19524044376565372,"accuracy_train":0.5625,"loss_val":0.19824866558043772,"_wandb":{"runtime":1},"accuracy_val":0.4941860465116279,"_timestamp":1.728729730529873e+09,"_runtime":1.921832,"_step":99}