{"_wandb":{"runtime":1},"_timestamp":1.728737281771369e+09,"_runtime":1.124221,"_step":99,"mse_train":0.2679106448350353,"mse_val":0.3200196444941411}