{"_runtime":1.6349529999999999,"_step":99,"_wandb":{"runtime":1},"mse_train":0.5942104788057205,"mse_val":0.689052005175139,"_timestamp":1.728735854536439e+09}