{"_runtime":1.7867950000000001,"_wandb":{"runtime":1},"_step":99,"loss_train":0.19524147190243096,"accuracy_train":0.5825,"loss_val":0.1962142401446931,"accuracy_val":0.5755813953488372,"_timestamp":1.7287275588172212e+09}