{"loss_val":0.46464807655154783,"accuracy_val":0.13488372093023257,"_timestamp":1.7287326166024861e+09,"_runtime":5.451918,"_step":99,"_wandb":{"runtime":5},"loss_train":0.4409987109902311,"accuracy_train":0.12752721617418353}