{"_step":99,"_wandb":{"runtime":1},"mse_train":0.2861515702298725,"mse_val":0.32488800579991756,"_timestamp":1.7287347190003939e+09,"_runtime":1.144219}