{"accuracy_val":0.4744186046511628,"_wandb":{"runtime":1},"_timestamp":1.7287343580603242e+09,"_runtime":1.199422,"_step":99,"loss_train":NaN,"accuracy_train":0.4499740798341109,"loss_val":NaN}