{"_runtime":3.236401,"_step":99,"_wandb":{"runtime":3},"loss_train":0.3162903795862951,"accuracy_train":0.24468636599274235,"loss_val":0.35008835342173805,"accuracy_val":0.22093023255813954,"_timestamp":1.728732596072052e+09}