{"mse_train":0.6179688011715957,"mse_val":0.6981594627103579,"_timestamp":1.728736060845442e+09,"_runtime":1.355465,"_step":99,"_wandb":{"runtime":1}}