{"mse_val":1,"_timestamp":1.72873711400084e+09,"_runtime":1.224669,"_step":99,"mse_train":0.9999999999999999,"_wandb":{"runtime":1}}