{"_wandb":{"runtime":1},"_step":99,"loss_train":0.3661618487239878,"accuracy_train":0.007257646448937273,"loss_val":0.3799228790094209,"accuracy_val":0.0069767441860465115,"_timestamp":1.7287327820249522e+09,"_runtime":1.919232}