{"loss_val":0.1925056357202118,"accuracy_val":0.5174418604651163,"_timestamp":1.728730662940096e+09,"_wandb":{"runtime":3},"_runtime":3.241159,"_step":99,"loss_train":0.16965434156883627,"accuracy_train":0.86375}