{"accuracy_train":0.82,"loss_val":0.19097384791042196,"accuracy_val":0.5930232558139535,"_timestamp":1.728730351726293e+09,"_wandb":{"runtime":4},"_runtime":4.123923,"_step":99,"loss_train":0.17424157594680942}