{"loss_val":0.19190800936918334,"accuracy_val":0.5523255813953488,"_wandb":{"runtime":2},"_timestamp":1.7287307301254442e+09,"_runtime":2.614273,"_step":99,"loss_train":0.16419008736869933,"accuracy_train":0.86125}