{"_step":99,"loss_train":0.255940742766576,"accuracy_train":0.47952306894764124,"_wandb":{"runtime":1},"loss_val":0.26628394646677106,"accuracy_val":0.48372093023255813,"_timestamp":1.7287314528584352e+09,"_runtime":1.122698}