{"_step":99,"mse_train":1.4316143263575076,"mse_val":1.3377691770620193,"_timestamp":1.728735522954846e+09,"_wandb":{"runtime":1},"_runtime":1.783469}