{"_runtime":13.557968,"_step":99,"loss_train":8.863845841290077,"accuracy_train":0.13875,"loss_val":8.378570389413293,"accuracy_val":0.18604651162790697,"_timestamp":1.7285492564640372e+09,"_wandb":{"runtime":13}}