{"_timestamp":1.7287369545656362e+09,"_runtime":1.193937,"_step":99,"_wandb":{"runtime":1},"mse_train":0.7560698770049187,"mse_val":0.9381680579552958}