{"_step":99,"_wandb":{"runtime":1},"loss_train":NaN,"accuracy_train":0.25090720580611714,"loss_val":NaN,"accuracy_val":0.2651162790697674,"_timestamp":1.728731500406795e+09,"_runtime":1.9737}