{"_runtime":1.140585,"_step":99,"_wandb":{"runtime":1},"mse_train":0.7641562556573953,"mse_val":0.6067921627054774,"_timestamp":1.728735058991701e+09}