{"_timestamp":1.7287345211029172e+09,"_runtime":1.642331,"_step":99,"_wandb":{"runtime":1},"loss_train":NaN,"accuracy_train":0.5629860031104199,"loss_val":NaN,"accuracy_val":0.4604651162790698}