{"mse_train":0.732899287893324,"mse_val":0.760910084375729,"_timestamp":1.7287352510958169e+09,"_runtime":2.380577,"_wandb":{"runtime":2},"_step":99}