{"loss_train":0.22208417669297018,"accuracy_train":0.17125,"loss_val":0.2221467953376986,"accuracy_val":0.23837209302325582,"_timestamp":1.728730985088033e+09,"_wandb":{"runtime":1},"_runtime":1.54798,"_step":99}