{"_step":99,"loss_train":NaN,"accuracy_train":0.39450492483151894,"_wandb":{"runtime":1},"loss_val":NaN,"accuracy_val":0.35348837209302325,"_timestamp":1.7287345064189801e+09,"_runtime":1.618625}