{"loss_train":0.3164678690316221,"accuracy_train":0.5152928978745464,"loss_val":0.7467001149515751,"accuracy_val":0.313953488372093,"_wandb":{"runtime":1},"_timestamp":1.728732996090594e+09,"_runtime":1.850408,"_step":99}