{"loss_train":0.20098199111071846,"accuracy_train":0.42375,"loss_val":0.20409927001149206,"accuracy_val":0.37209302325581395,"_timestamp":1.728730563117144e+09,"_runtime":1.134217,"_wandb":{"runtime":1},"_step":99}