{"_timestamp":1.7287332812149382e+09,"_runtime":1.874348,"_step":99,"loss_train":0.40752400968247426,"_wandb":{"runtime":1},"accuracy_train":0,"loss_val":0.6944973424910807,"accuracy_val":0.004651162790697674}