{"_runtime":6.814392,"_wandb":{"runtime":6},"_step":99,"loss_train":0.19015621704866606,"accuracy_train":0.675,"loss_val":0.19612224210970364,"accuracy_val":0.5348837209302325,"_timestamp":1.7287290788250089e+09}