{"loss_train":0.19506527892944228,"accuracy_train":0.6,"loss_val":0.19647639073644665,"accuracy_val":0.5930232558139535,"_timestamp":1.728727380090417e+09,"_wandb":{"runtime":3},"_runtime":3.13532,"_step":99}