{"accuracy_val":0.3558139534883721,"_wandb":{"runtime":1},"_timestamp":1.728731741739211e+09,"_runtime":1.052098,"_step":99,"loss_train":0.3067561775578545,"accuracy_train":0.37947122861586313,"loss_val":0.3211356229576611}