{"accuracy_val":0.2186046511627907,"_timestamp":1.7287329687784052e+09,"_runtime":1.7941,"_step":99,"loss_train":NaN,"accuracy_train":0.3068947641264904,"_wandb":{"runtime":1},"loss_val":NaN}