{"accuracy_train":0,"loss_val":0.3822450025146631,"accuracy_val":0,"_wandb":{"runtime":2},"_timestamp":1.728733358140262e+09,"_runtime":2.330517,"_step":99,"loss_train":0.36719994102333203}