{"_step":99,"_wandb":{"runtime":3},"loss_train":0.36407296053272103,"accuracy_train":0,"loss_val":0.37930961189210477,"accuracy_val":0,"_timestamp":1.728732228379092e+09,"_runtime":3.353541}