{"loss_train":0.19179753323200274,"accuracy_train":0.65875,"loss_val":0.19610215259081853,"accuracy_val":0.5697674418604651,"_wandb":{"runtime":2},"_timestamp":1.7287309461822562e+09,"_runtime":2.7619249999999997,"_step":99}