{"_wandb":{"runtime":1},"_timestamp":1.72873178331471e+09,"_runtime":1.811866,"_step":99,"loss_train":NaN,"accuracy_train":0.7304302747537584,"loss_val":NaN,"accuracy_val":0.40232558139534885}