{"_runtime":1.1546319999999999,"_step":99,"_wandb":{"runtime":1},"mse_train":NaN,"mse_val":NaN,"_timestamp":1.728737390173503e+09}