{"loss_val":0.18911650857104426,"accuracy_val":0.3430232558139535,"_timestamp":1.728729528908299e+09,"_runtime":5.449378,"_step":99,"loss_train":0.19427188038366802,"accuracy_train":0.32625,"_wandb":{"runtime":5}}