{"_step":99,"_wandb":{"runtime":1},"mse_train":0.8414114403930865,"mse_val":0.96610768463632,"_timestamp":1.728735190551172e+09,"_runtime":1.128686}