{"accuracy_train":0.13,"loss_val":0.23823907859544427,"accuracy_val":0.13953488372093023,"_timestamp":1.728729682017511e+09,"_wandb":{"runtime":1},"_runtime":1.173405,"_step":99,"loss_train":0.2356556758313822}