{"_step":99,"mse":1.0231604008827808,"rmse":1.0115139153184107,"_wandb":{"runtime":13},"r2":-0.023160400881452103,"_timestamp":1.7284218724005241e+09,"_runtime":13.023282}