{"_runtime":2.326512,"_step":99,"_wandb":{"runtime":2},"mse_train":0.7878783330384379,"mse_val":0.7443094312476256,"_timestamp":1.72873663722051e+09}