{"mse_train":0.47012766559602276,"mse_val":0.49847760702066096,"_wandb":{"runtime":1},"_timestamp":1.728736641585341e+09,"_runtime":1.34698,"_step":99}