{"loss_val":0.2127316004748075,"accuracy_val":0.27325581395348836,"_timestamp":1.728730131969315e+09,"_runtime":1.962723,"_wandb":{"runtime":1},"_step":99,"loss_train":0.20420533474924224,"accuracy_train":0.36875}