{"_step":99,"loss_train":0.19754741565080552,"accuracy_train":0.5775,"_wandb":{"runtime":1},"loss_val":0.19835378936576462,"accuracy_val":0.5697674418604651,"_timestamp":1.728731234009783e+09,"_runtime":1.7433999999999998}