{"mse_train":0.4867880213284756,"mse_val":0.5741191078554259,"_timestamp":1.728734909890898e+09,"_runtime":1.140252,"_step":99,"_wandb":{"runtime":1}}