{"_step":99,"loss_train":0.1783508618418693,"_wandb":{"runtime":2},"accuracy_train":0.77125,"loss_val":0.1946894253616966,"accuracy_val":0.5348837209302325,"_timestamp":1.728730669374872e+09,"_runtime":2.751203}