{"accuracy_train":0.11125,"loss_val":0.2522738489983083,"accuracy_val":0.12790697674418605,"_timestamp":1.728548283883946e+09,"_wandb":{"runtime":32},"_runtime":28.006282,"_step":99,"loss_train":0.2553382402894556}