{"_runtime":1.370762,"_step":99,"loss_train":0.21759648479829657,"_wandb":{"runtime":1},"accuracy_train":0.27,"loss_val":0.22189654234734557,"accuracy_val":0.25,"_timestamp":1.728730318368804e+09}