{"_step":99,"_wandb":{"runtime":3},"loss_train":0.4303935412735675,"accuracy_train":0.09642301710730948,"loss_val":0.5246637218697672,"accuracy_val":0.027906976744186046,"_timestamp":1.728733850917218e+09,"_runtime":3.885287}