{"_wandb":{"runtime":3},"loss_train":0.22083952249974184,"accuracy_train":0.665111456713323,"loss_val":1.4177132251164775,"accuracy_val":0.30465116279069765,"_timestamp":1.728733459224278e+09,"_runtime":3.721381,"_step":99}