{"_timestamp":1.7287328485419252e+09,"_runtime":1.8759839999999999,"_step":99,"_wandb":{"runtime":1},"loss_train":0.5724277699359286,"accuracy_train":0.35303265940902023,"loss_val":0.967601277980029,"accuracy_val":0.29534883720930233}