{"_timestamp":1.7287306039200692e+09,"_runtime":1.205371,"_step":99,"_wandb":{"runtime":1},"loss_train":0.2145646656678135,"accuracy_train":0.45,"loss_val":0.21895736455397766,"accuracy_val":0.42441860465116277}