{"_wandb":{"runtime":1},"_step":99,"loss_train":0.21109066430679474,"accuracy_train":0.40625,"loss_val":0.21070557626071987,"accuracy_val":0.45348837209302323,"_timestamp":1.728730401162115e+09,"_runtime":1.243005}