{"accuracy_val":0,"_timestamp":1.728732398999764e+09,"_runtime":3.242755,"_step":99,"loss_train":0.36686751674609436,"accuracy_train":0,"_wandb":{"runtime":3},"loss_val":0.38215460449432465}