{"_runtime":1.9187859999999999,"_step":99,"loss_train":0.18942699743655406,"_wandb":{"runtime":1},"accuracy_train":0.69375,"loss_val":0.19632396205191038,"accuracy_val":0.5523255813953488,"_timestamp":1.728727431288564e+09}