{"_step":99,"_wandb":{"runtime":3},"loss_train":NaN,"accuracy_train":0.5593571798859512,"loss_val":NaN,"accuracy_val":0.4069767441860465,"_timestamp":1.728732641489953e+09,"_runtime":3.192304}