{"accuracy_train":0.10471747019180923,"loss_val":NaN,"accuracy_val":0.10930232558139535,"_timestamp":1.728734225537336e+09,"_runtime":1.5898409999999998,"_step":99,"loss_train":NaN,"_wandb":{"runtime":1}}