{"mse_val":0.7430576154663924,"_timestamp":1.728736607279936e+09,"_runtime":1.464648,"_step":99,"_wandb":{"runtime":1},"mse_train":0.697153337581334}