{"_step":99,"mse_train":0.6344161128585957,"_wandb":{"runtime":1},"mse_val":0.6768367590786992,"_timestamp":1.7287361916236658e+09,"_runtime":1.108163}