{"accuracy_train":0.445,"loss_val":0.2064496884947758,"accuracy_val":0.4418604651162791,"_timestamp":1.72872894931761e+09,"_runtime":3.859881,"_step":99,"_wandb":{"runtime":3},"loss_train":0.20604615357648634}