{"_timestamp":1.728737310521773e+09,"_runtime":1.3285040000000001,"_step":99,"mse_train":NaN,"mse_val":NaN,"_wandb":{"runtime":1}}