{"_step":99,"_wandb":{"runtime":2},"loss_train":0.3771758088677529,"accuracy_train":0.14152410575427682,"loss_val":0.40077119144309936,"accuracy_val":0.15348837209302327,"_timestamp":1.7287318888169112e+09,"_runtime":2.398918}