{"_wandb":{"runtime":2},"_step":99,"loss_train":0.18910219911862974,"accuracy_train":0.6825,"loss_val":0.19477363586411497,"accuracy_val":0.5755813953488372,"_timestamp":1.728729883746461e+09,"_runtime":2.130672}