{"_step":99,"loss_train":0.19190205806315033,"_wandb":{"runtime":1},"accuracy_train":0.63375,"loss_val":0.19771590089114957,"accuracy_val":0.5348837209302325,"_timestamp":1.728729975378442e+09,"_runtime":1.847003}