{"_runtime":1.388651,"_step":99,"mse_train":0.2692655374913899,"mse_val":0.32387303959984265,"_wandb":{"runtime":1},"_timestamp":1.728736457929933e+09}