{"_wandb":{"runtime":2},"mse_train":1.0280395413981607,"mse_val":1.0303573879328458,"_timestamp":1.72873691630576e+09,"_runtime":2.044988,"_step":99}