{"accuracy_val":0.32790697674418606,"_timestamp":1.728734214882766e+09,"_runtime":1.426609,"_step":99,"_wandb":{"runtime":1},"loss_train":NaN,"accuracy_train":0.328149300155521,"loss_val":NaN}