{"loss_val":NaN,"accuracy_val":0.26046511627906976,"_timestamp":1.728731798596046e+09,"_runtime":1.761385,"_step":99,"_wandb":{"runtime":1},"loss_train":NaN,"accuracy_train":0.39917055469155005}