{"accuracy_val":0.48255813953488375,"_timestamp":1.7287295059709198e+09,"_runtime":3.353023,"_step":99,"_wandb":{"runtime":3},"loss_train":0.1887479421298512,"accuracy_train":0.59875,"loss_val":0.19556028126219427}