{"_wandb":{"runtime":1},"mse_train":0.7374351143636053,"mse_val":0.8101077415030961,"_timestamp":1.728736055306279e+09,"_runtime":1.119624,"_step":99}