{"_timestamp":1.728734901710005e+09,"_runtime":1.067794,"_step":99,"_wandb":{"runtime":1},"mse_train":0.4379472246174626,"mse_val":0.6011012805165833}