{"loss_train":NaN,"accuracy_train":0.8688439606013478,"loss_val":NaN,"accuracy_val":0.48604651162790696,"_timestamp":1.72873371667426e+09,"_wandb":{"runtime":2},"_runtime":2.465392,"_step":99}