{"accuracy_train":0.43,"loss_val":0.20603655864537937,"accuracy_val":0.4418604651162791,"_timestamp":1.7287290858869681e+09,"_runtime":3.3378769999999998,"_wandb":{"runtime":3},"_step":99,"loss_train":0.20246830306787353}