{"_step":99,"_wandb":{"runtime":1},"mse_train":0.2686406519820409,"mse_val":0.3243205470124089,"_timestamp":1.728735285106269e+09,"_runtime":1.832913}