{"rmse":1.414213562373095,"r2":-0.9999999999974021,"_timestamp":1.7284199251220212e+09,"_runtime":13.164846,"_step":99,"mse":1.9999999999999996,"_wandb":{"runtime":13}}