{"_timestamp":1.72873658683351e+09,"_runtime":1.362993,"_wandb":{"runtime":1},"_step":99,"mse_train":0.3292037266590811,"mse_val":0.3653073172275263}