{"accuracy_val":0,"_timestamp":1.728549581167525e+09,"_runtime":49.845327,"_step":99,"_wandb":{"runtime":49},"loss_train":0.261803222530637,"accuracy_train":0,"loss_val":0.2629751851606033}