{"accuracy_val":0.12325581395348838,"_timestamp":1.728734039597456e+09,"_runtime":2.495447,"_step":99,"_wandb":{"runtime":2},"loss_train":NaN,"accuracy_train":0.18662519440124417,"loss_val":NaN}