{"_step":99,"_wandb":{"runtime":1},"mse_train":0.2677320882649532,"mse_val":0.3158861989458909,"_timestamp":1.728736042727165e+09,"_runtime":1.196845}