{"_timestamp":1.728735436279847e+09,"_runtime":1.7382819999999999,"_step":99,"mse_train":NaN,"_wandb":{"runtime":1},"mse_val":NaN}