{"_step":99,"mse_train":0.6244101555258961,"mse_val":0.6921483096799633,"_timestamp":1.728736200987339e+09,"_wandb":{"runtime":1},"_runtime":1.159202}