{"_runtime":1.140246,"_step":99,"mse_train":0.9139286892003489,"mse_val":0.9362615063147917,"_timestamp":1.728737356146162e+09,"_wandb":{"runtime":1}}