{"_wandb":{"runtime":1},"accuracy_val":0.17906976744186046,"_timestamp":1.7287317125553439e+09,"_runtime":1.873005,"_step":99,"loss_train":NaN,"accuracy_train":0.18506998444790046,"loss_val":NaN}