{"_step":99,"loss_train":0.21501838292105224,"accuracy_train":0.32875,"loss_val":0.21494673866272104,"accuracy_val":0.29651162790697677,"_timestamp":1.7287303570297852e+09,"_runtime":2.311919,"_wandb":{"runtime":2}}