{"accuracy_train":0.95,"loss_val":0.1881849866293404,"accuracy_val":0.5930232558139535,"_wandb":{"runtime":2},"_timestamp":1.728730650997997e+09,"_runtime":2.7502649999999997,"_step":99,"loss_train":0.156459283879519}