{"accuracy_val":0.5406976744186046,"_timestamp":1.728727632442888e+09,"_runtime":2.770034,"_step":99,"loss_train":0.1825661522736093,"accuracy_train":0.74,"_wandb":{"runtime":2},"loss_val":0.1941076069527405}