{"_step":99,"mse_train":0.44837785581311507,"mse_val":0.48096735961405945,"_timestamp":1.728736503034472e+09,"_wandb":{"runtime":1},"_runtime":1.333301}