{"accuracy_train":0.31726283048211507,"loss_val":0.28470008810009717,"accuracy_val":0.2744186046511628,"_timestamp":1.728733347082515e+09,"_runtime":1.3534030000000001,"_wandb":{"runtime":1},"_step":99,"loss_train":0.27202263290164286}