{"accuracy_train":0.89125,"loss_val":0.18967699875377125,"accuracy_val":0.5813953488372093,"_wandb":{"runtime":3},"_timestamp":1.728729306936671e+09,"_runtime":3.577921,"_step":99,"loss_train":0.16418100058650673}