{"_step":99,"_wandb":{"runtime":1},"mse_train":0.9765710570536654,"mse_val":0.9754130716019188,"_timestamp":1.728736906822643e+09,"_runtime":1.160341}