{"_runtime":1.82724,"_step":99,"mse_train":0.6094064860408508,"mse_val":0.6688773065923641,"_timestamp":1.728735483323643e+09,"_wandb":{"runtime":1}}