{"_runtime":1.732532,"_step":99,"loss_train":0.19394070833995358,"_wandb":{"runtime":1},"accuracy_train":0.6025,"loss_val":0.19487792410460048,"accuracy_val":0.5872093023255814,"_timestamp":1.728727521949153e+09}