{"_runtime":1.7258559999999998,"_step":99,"mse_train":0.33873979989944053,"mse_val":0.3877156254133295,"_timestamp":1.7287352791360278e+09,"_wandb":{"runtime":1}}