{"_runtime":1.8539379999999999,"_step":99,"_wandb":{"runtime":1},"mse_train":0.6852648606957528,"mse_val":0.8029806972949237,"_timestamp":1.728736210651173e+09}