{"_step":99,"loss_train":0.22633041939718043,"_wandb":{"runtime":2},"accuracy_train":0.12375,"loss_val":0.22792812394432235,"accuracy_val":0.14534883720930233,"_timestamp":1.728727272316376e+09,"_runtime":2.869604}