{"_step":99,"_wandb":{"runtime":1},"mse_train":0.8867209508014229,"mse_val":1.0529870648783901,"_timestamp":1.728735045193385e+09,"_runtime":1.369822}