{"mse_train":0.6190178210242948,"mse_val":0.6983620212309938,"_timestamp":1.7287359524809222e+09,"_runtime":1.635877,"_step":99,"_wandb":{"runtime":1}}