{"loss_train":0.1911216669267038,"accuracy_train":0.63125,"_wandb":{"runtime":1},"loss_val":0.19488860524881196,"accuracy_val":0.5523255813953488,"_timestamp":1.72872853613635e+09,"_runtime":1.920914,"_step":99}