{"_wandb":{"runtime":1},"_step":99,"loss_train":0.2189512717063868,"accuracy_train":0.42375,"loss_val":0.21922087207408084,"accuracy_val":0.37209302325581395,"_timestamp":1.7287290374346418e+09,"_runtime":1.222696}