{"_wandb":{"runtime":2},"_timestamp":1.728737216549321e+09,"_runtime":2.124131,"_step":99,"mse_train":0.37164791055984614,"mse_val":0.3974646859885392}