{"_wandb":{"runtime":1},"_runtime":1.230432,"_step":99,"mse_train":0.8718577818399396,"mse_val":1.1104018055948544,"_timestamp":1.728736139149786e+09}