{"_step":99,"loss_train":0.19501647869377622,"accuracy_train":0.61125,"loss_val":0.1962393451198945,"accuracy_val":0.5755813953488372,"_timestamp":1.728730529446379e+09,"_wandb":{"runtime":2},"_runtime":2.426924}