{"accuracy_train":0.12441679626749612,"loss_val":1.7591012318013979,"accuracy_val":0.12093023255813953,"_timestamp":1.7287340631252842e+09,"_wandb":{"runtime":1},"_runtime":1.706222,"_step":99,"loss_train":1.5345519282415896}