{"_wandb":{"runtime":1},"_timestamp":1.728732936501707e+09,"_runtime":1.7742010000000001,"_step":99,"loss_train":0.349379257154276,"accuracy_train":0.05080352514256091,"loss_val":0.369003579269126,"accuracy_val":0.05116279069767442}