{"_step":99,"_wandb":{"runtime":1},"mse_train":0.9999999999999999,"mse_val":1,"_timestamp":1.728737381279339e+09,"_runtime":1.140546}