{"_runtime":1.8063280000000002,"_step":99,"mse_train":0.9924432570482207,"_wandb":{"runtime":1},"mse_val":0.9951323207393554,"_timestamp":1.728735319907418e+09}