{"accuracy_train":0.36288232244686364,"loss_val":0.549265261900284,"accuracy_val":0.22093023255813954,"_wandb":{"runtime":1},"_timestamp":1.728734400394231e+09,"_runtime":1.873372,"_step":99,"loss_train":0.31121121748289265}