{"_runtime":1.095112,"_step":99,"loss_train":0.20999356932687901,"accuracy_train":0.3575,"loss_val":0.2067815904793353,"accuracy_val":0.4069767441860465,"_timestamp":1.728729828939132e+09,"_wandb":{"runtime":1}}