{"accuracy_train":0.25401762571280456,"loss_val":NaN,"accuracy_val":0.26046511627906976,"_timestamp":1.728733383969889e+09,"_runtime":2.20383,"_step":99,"_wandb":{"runtime":2},"loss_train":NaN}