{"_wandb":{"runtime":1},"mse_train":0.2857522189564997,"mse_val":0.3454805073748545,"_timestamp":1.728736463172533e+09,"_runtime":1.938161,"_step":99}