{"accuracy_train":0.03162260238465526,"_wandb":{"runtime":1},"loss_val":NaN,"accuracy_val":0.020930232558139535,"_timestamp":1.7287329000563369e+09,"_runtime":1.7314,"_step":99,"loss_train":NaN}