{"accuracy_val":0.1569767441860465,"_timestamp":1.728548989221622e+09,"_runtime":22.551904,"_step":99,"loss_train":0.39344750406851087,"_wandb":{"runtime":22},"accuracy_train":0.16625,"loss_val":0.403408227622677}