{"_step":99,"_wandb":{"runtime":2},"loss_train":NaN,"accuracy_train":0.15863141524105753,"loss_val":NaN,"accuracy_val":0.12790697674418605,"_timestamp":1.728734230343677e+09,"_runtime":2.143053}