{"_step":99,"_wandb":{"runtime":1},"mse_train":0.5833298837190714,"mse_val":0.6860388352351615,"_timestamp":1.72873488366918e+09,"_runtime":1.097282}