{"_runtime":2.015388,"_step":99,"_wandb":{"runtime":2},"loss_train":0.2915929322501719,"accuracy_train":0.5811301192327631,"loss_val":0.6455164547008831,"accuracy_val":0.3697674418604651,"_timestamp":1.728733156767949e+09}