{"_wandb":{"runtime":1},"accuracy_train":0.22602384655261792,"loss_val":NaN,"accuracy_val":0.1697674418604651,"_timestamp":1.728734496244601e+09,"_runtime":1.505082,"_step":99,"loss_train":NaN}