{"_timestamp":1.728734354409256e+09,"_runtime":1.576269,"_step":99,"loss_train":NaN,"accuracy_train":0.1410057024364956,"_wandb":{"runtime":1},"loss_val":NaN,"accuracy_val":0.14418604651162792}