{"_runtime":2.484144,"_step":99,"_wandb":{"runtime":2},"loss_train":3.718459873343697,"accuracy_train":0.26594090202177295,"loss_val":3.5607309900728463,"accuracy_val":0.30465116279069765,"_timestamp":1.7287334243086898e+09}