{"_wandb":{"runtime":9},"accuracy_train":0.0425,"loss_val":6.231756083713727,"accuracy_val":0.03488372093023256,"_timestamp":1.728549015628087e+09,"_runtime":9.909129,"_step":99,"loss_train":6.175444245170857}