{"_runtime":2.335946,"_step":99,"mse_train":0.66866310320741,"mse_val":0.7916738146990808,"_timestamp":1.728737246735552e+09,"_wandb":{"runtime":2}}