{"_wandb":{"runtime":41},"_step":99,"loss_train":0.378602278601207,"accuracy_train":0.25125,"loss_val":0.39573258771888264,"accuracy_val":0.22674418604651161,"_timestamp":1.7285496550999238e+09,"_runtime":41.720814}