{"mse_train":0.7372672101459076,"mse_val":0.7104683843531395,"_wandb":{"runtime":2},"_timestamp":1.728736391110633e+09,"_runtime":2.227004,"_step":99}