{"_step":99,"loss_train":0.34083542073959366,"_wandb":{"runtime":1},"accuracy_train":0.12234318299637117,"loss_val":0.3501373377952373,"accuracy_val":0.13023255813953488,"_timestamp":1.728732221587189e+09,"_runtime":1.355865}