{"_runtime":1.866441,"_step":99,"loss_train":0.19326957616126797,"accuracy_train":0.6075,"loss_val":0.19758280255903107,"_wandb":{"runtime":1},"accuracy_val":0.5523255813953488,"_timestamp":1.728729849019094e+09}