{"_step":99,"mse_train":0.7861577499325969,"mse_val":0.9308855854526704,"_wandb":{"runtime":1},"_timestamp":1.728735036562725e+09,"_runtime":1.462158}