{"_runtime":1.9822220000000002,"_step":99,"_wandb":{"runtime":1},"mse_train":0.6182420773161287,"mse_val":0.8955319349284637,"_timestamp":1.728736121590414e+09}