{"mse_train":0.49201548148255747,"mse_val":0.5104135160875156,"_timestamp":1.7287365066219678e+09,"_runtime":1.113862,"_step":99,"_wandb":{"runtime":1}}