{"accuracy_val":0,"_wandb":{"runtime":1},"_timestamp":1.7287341359151518e+09,"_runtime":1.618787,"_step":99,"loss_train":0.36499394832901216,"accuracy_train":0,"loss_val":0.3818469689980613}