{"loss_val":0.2033536197121528,"accuracy_val":0.5232558139534884,"_timestamp":1.728730425987822e+09,"_runtime":2.684317,"_step":99,"_wandb":{"runtime":2},"loss_train":0.20309117377979555,"accuracy_train":0.53125}