{"loss_val":0.20418875363557287,"accuracy_val":0.37209302325581395,"_timestamp":1.728728558020173e+09,"_wandb":{"runtime":2},"_runtime":2.080511,"_step":99,"loss_train":0.202807667154005,"accuracy_train":0.42375}