{"_step":99,"loss_train":NaN,"accuracy_train":0.21824779678589942,"loss_val":NaN,"accuracy_val":0.1930232558139535,"_timestamp":1.728732803933934e+09,"_runtime":2.258676,"_wandb":{"runtime":2}}