{"_timestamp":1.728729157161222e+09,"_runtime":3.901353,"_step":99,"loss_train":0.19024674593843735,"accuracy_train":0.6725,"loss_val":0.19536171590709966,"_wandb":{"runtime":3},"accuracy_val":0.6046511627906976}