{"_runtime":2.421411,"_step":99,"mse_train":0.41323599561754143,"_wandb":{"runtime":2},"mse_val":0.46950044681154385,"_timestamp":1.728737201460049e+09}