{"accuracy_train":0.020736132711249352,"loss_val":0.37919570213282977,"_wandb":{"runtime":2},"accuracy_val":0.018604651162790697,"_timestamp":1.72873291091604e+09,"_runtime":2.118543,"_step":99,"loss_train":0.36740548003322465}