{"accuracy_val":0.05813953488372093,"_timestamp":1.7285498269047308e+09,"_runtime":15.585421,"_step":99,"_wandb":{"runtime":15},"loss_train":17.375536735384628,"accuracy_train":0.07625,"loss_val":17.01201472176136}