{"mse_train":1.0000000427562348,"mse_val":1.0000000417797175,"_timestamp":1.728735500998249e+09,"_runtime":2.937427,"_step":99,"_wandb":{"runtime":2}}