{"_step":99,"_wandb":{"runtime":1},"loss_train":2.273910320845618,"accuracy_train":0.2042509072058061,"loss_val":2.834969253459961,"accuracy_val":0.20930232558139536,"_timestamp":1.728734250694962e+09,"_runtime":1.1298650000000001}