{"_wandb":{"runtime":1},"mse_train":1.0389154040019561,"mse_val":1.085891006871333,"_timestamp":1.728735040326487e+09,"_runtime":1.166819,"_step":99}