{"loss_train":NaN,"accuracy_train":0.25038880248833595,"loss_val":NaN,"accuracy_val":0.23488372093023255,"_wandb":{"runtime":3},"_timestamp":1.7287321051054e+09,"_runtime":3.060318,"_step":99}