{"mse_train":1.0997578623918391,"mse_val":1.0999329755630867,"_wandb":{"runtime":1},"_timestamp":1.728735149580321e+09,"_runtime":1.587475,"_step":99}