{"loss_val":0.1974426727717077,"accuracy_val":0.5813953488372093,"_timestamp":1.728727497050317e+09,"_runtime":2.504803,"_step":99,"_wandb":{"runtime":2},"loss_train":0.1962873756388355,"accuracy_train":0.59625}