{"loss_val":1.508633487805733,"accuracy_val":0.17674418604651163,"_timestamp":1.728732157871868e+09,"_runtime":3.5150259999999998,"_step":99,"loss_train":1.3559904804796845,"_wandb":{"runtime":3},"accuracy_train":0.17573872472783825}