{"_runtime":1.174993,"_step":99,"mse_train":0.5935865511607747,"_wandb":{"runtime":1},"mse_val":0.7097131143991987,"_timestamp":1.7287360036461718e+09}