{"mse_val":0.6128635216818231,"_timestamp":1.728736780603306e+09,"_runtime":1.470208,"_step":99,"_wandb":{"runtime":1},"mse_train":0.6072195504842381}