{"_wandb":{"runtime":2},"loss_train":0.189923389979861,"accuracy_train":0.64625,"loss_val":0.19363751147796368,"accuracy_val":0.563953488372093,"_timestamp":1.728731335520144e+09,"_runtime":2.958296,"_step":99}