{"mse_train":0.5904043621000555,"mse_val":0.7381536577615788,"_wandb":{"runtime":1},"_timestamp":1.728736111305171e+09,"_runtime":1.048097,"_step":99}