{"_step":99,"mse_train":0.4207088323721137,"mse_val":0.5140711005767362,"_timestamp":1.728737083499382e+09,"_wandb":{"runtime":1},"_runtime":1.26213}