{"accuracy_train":0.0325,"loss_val":0.22973752838271339,"accuracy_val":0.023255813953488372,"_wandb":{"runtime":17},"_timestamp":1.728728734343744e+09,"_runtime":17.65598,"_step":99,"loss_train":0.22756960091881695}