{"accuracy_val":0.2441860465116279,"_timestamp":1.728732589872169e+09,"_runtime":3.380095,"_step":99,"_wandb":{"runtime":3},"loss_train":0.31384299671965615,"accuracy_train":0.2711249351995853,"loss_val":0.35863710141821853}