{"_runtime":2.414342,"_step":99,"loss_train":0.22828367953146017,"accuracy_train":0.12125,"_wandb":{"runtime":2},"loss_val":0.22654788035425358,"accuracy_val":0.1511627906976744,"_timestamp":1.728730274152313e+09}