{"_timestamp":1.728737041442348e+09,"_runtime":1.4716770000000001,"_step":99,"_wandb":{"runtime":1},"mse_train":0.6334761067426723,"mse_val":0.647984303989437}