{"mse_val":0.3331288141556822,"_wandb":{"runtime":1},"_timestamp":1.728734853138911e+09,"_runtime":1.117936,"_step":99,"mse_train":0.27320265352693873}