{"_wandb":{"runtime":1},"accuracy_val":0.25813953488372093,"_timestamp":1.728734024254621e+09,"_runtime":1.5999560000000002,"_step":99,"loss_train":NaN,"accuracy_train":0.25660964230171074,"loss_val":NaN}