{"_runtime":1.156873,"_step":99,"_wandb":{"runtime":1},"loss_train":0.23025850919940455,"accuracy_train":0,"loss_val":0.2302585091994046,"accuracy_val":0,"_timestamp":1.728728545642904e+09}