{"_step":99,"loss_train":0.18051789370455237,"accuracy_train":0.7625,"loss_val":0.19487789965187483,"accuracy_val":0.5290697674418605,"_wandb":{"runtime":1},"_timestamp":1.728727584338332e+09,"_runtime":1.786414}