{"_step":99,"mse_train":0.8103225078778499,"_wandb":{"runtime":1},"mse_val":0.8310559970924832,"_timestamp":1.728737196210676e+09,"_runtime":1.623178}