{"_runtime":2.056641,"_step":99,"mse_train":0.9750496456443177,"mse_val":1.0912447064778192,"_wandb":{"runtime":2},"_timestamp":1.728736821812722e+09}