{"_runtime":1.629777,"_step":99,"loss_train":0.20572458349721556,"accuracy_train":0.4475,"_wandb":{"runtime":1},"loss_val":0.20676116066377512,"accuracy_val":0.45348837209302323,"_timestamp":1.7287310562625961e+09}