{"_step":99,"mse_train":0.658438511030539,"_wandb":{"runtime":1},"mse_val":0.6999482404477748,"_timestamp":1.7287361869725618e+09,"_runtime":1.159659}