{"mse_val":1.0032327804403072,"_timestamp":1.7287346256038451e+09,"_runtime":1.180318,"_wandb":{"runtime":1},"_step":99,"mse_train":0.9969116161767148}