{"_step":99,"_wandb":{"runtime":1},"loss_train":0.1844934855438721,"accuracy_train":0.715,"loss_val":0.19420929508040768,"accuracy_val":0.5813953488372093,"_timestamp":1.728730001005344e+09,"_runtime":1.972684}