{"_wandb":{"runtime":1},"_runtime":1.482438,"_step":99,"loss_train":0.3509788953632097,"accuracy_train":0.08605495075168482,"loss_val":0.36874888490986935,"accuracy_val":0.07441860465116279,"_timestamp":1.728734308679567e+09}