{"_wandb":{"runtime":2},"loss_val":0.19070854394653214,"accuracy_val":0.5755813953488372,"_timestamp":1.728731227233668e+09,"_runtime":2.555773,"_step":99,"loss_train":0.17595183302399245,"accuracy_train":0.7275}