{"loss_train":NaN,"accuracy_train":0.1767755313634007,"loss_val":NaN,"accuracy_val":0.17906976744186046,"_timestamp":1.7287330365909529e+09,"_runtime":1.828102,"_wandb":{"runtime":1},"_step":99}