{"loss_train":0.3297165197255423,"_wandb":{"runtime":1},"accuracy_train":0.025401762571280455,"loss_val":0.3426743775318333,"accuracy_val":0.020930232558139535,"_timestamp":1.728733993523645e+09,"_runtime":1.666051,"_step":99}