{"_step":99,"_wandb":{"runtime":4},"loss_train":0.19574817006670475,"accuracy_train":0.625,"loss_val":0.19767683427306643,"accuracy_val":0.5755813953488372,"_timestamp":1.728729173477879e+09,"_runtime":4.684608}