{"_timestamp":1.728732668127657e+09,"_runtime":3.436936,"_step":99,"loss_train":0.36689094100648445,"accuracy_train":0,"loss_val":0.3822002705960413,"_wandb":{"runtime":3},"accuracy_val":0}