{"accuracy_train":0.08087091757387248,"loss_val":0.37148370561461613,"accuracy_val":0.08837209302325581,"_timestamp":1.728734298766612e+09,"_wandb":{"runtime":1},"_runtime":1.726575,"_step":99,"loss_train":0.3518549364125331}