{"mse_train":1.0397203856335446,"mse_val":1.039875765738293,"_timestamp":1.728735163662805e+09,"_runtime":1.818177,"_step":99,"_wandb":{"runtime":1}}