{"_step":99,"mse_train":0.4341531507889423,"_wandb":{"runtime":2},"mse_val":0.42898200409606274,"_timestamp":1.7287351960357351e+09,"_runtime":2.009252}