{"_wandb":{"runtime":1},"mse_train":1.4664365633283267,"mse_val":1.6382219181812407,"_timestamp":1.7287373514387991e+09,"_runtime":1.163428,"_step":99}