{"_step":99,"loss_train":2.079831619104498,"accuracy_train":0.33540694660445824,"loss_val":2.690043337317683,"accuracy_val":0.30465116279069765,"_wandb":{"runtime":1},"_timestamp":1.7287328605591638e+09,"_runtime":1.823758}