{"_wandb":{"runtime":3},"loss_val":0.7591368962993174,"accuracy_val":0.2116279069767442,"_timestamp":1.728732508554423e+09,"_runtime":3.537175,"_step":99,"loss_train":0.3038475496745689,"accuracy_train":0.35303265940902023}