{"_runtime":1.852693,"_step":99,"loss_train":0.3567510494025936,"accuracy_train":0.047174701918092275,"loss_val":0.3762013806384218,"_wandb":{"runtime":1},"accuracy_val":0.044186046511627906,"_timestamp":1.728733057204855e+09}