{"accuracy_val":0.2,"_timestamp":1.728732947797804e+09,"_runtime":1.6335570000000001,"_step":99,"loss_train":NaN,"accuracy_train":0.21565578019699327,"_wandb":{"runtime":1},"loss_val":NaN}