{"loss_val":0.2360831313438893,"_wandb":{"runtime":3},"accuracy_val":0.1686046511627907,"_timestamp":1.728728882653642e+09,"_runtime":3.380043,"_step":99,"loss_train":0.22969582731701327,"accuracy_train":0.175}