{"accuracy_train":0.26956972524624156,"loss_val":NaN,"accuracy_val":0.2441860465116279,"_timestamp":1.728731505079367e+09,"_runtime":1.72766,"_step":99,"_wandb":{"runtime":1},"loss_train":NaN}