{"_wandb":{"runtime":1},"_timestamp":1.7287354651983502e+09,"_runtime":1.7852890000000001,"_step":99,"mse_train":0.9998145542240887,"mse_val":0.9998904265097563}