{"_step":99,"loss_train":0.2015579940302417,"accuracy_train":0.53,"_wandb":{"runtime":1},"loss_val":0.20289997831657722,"accuracy_val":0.4941860465116279,"_timestamp":1.728730931018089e+09,"_runtime":1.6828379999999998}