{"loss_train":0.23608585797382461,"accuracy_train":0.1575,"loss_val":0.23654074924441496,"accuracy_val":0.1569767441860465,"_timestamp":1.728729755060481e+09,"_wandb":{"runtime":1},"_runtime":1.3898869999999999,"_step":99}