{"_wandb":{"runtime":1},"loss_val":NaN,"accuracy_val":0.20465116279069767,"_timestamp":1.728731631240871e+09,"_runtime":1.660848,"_step":99,"loss_train":NaN,"accuracy_train":0.21358216692586832}