{"mse_val":1.296869619689551,"_wandb":{"runtime":1},"_timestamp":1.7287351426987698e+09,"_runtime":1.783845,"_step":99,"mse_train":1.2970900707047825}