{"mse_train":1.076093222864298,"mse_val":1.0743683032753162,"_timestamp":1.728734629847035e+09,"_runtime":1.177276,"_step":99,"_wandb":{"runtime":1}}