{"_runtime":3.50513,"_wandb":{"runtime":3},"_step":99,"loss_train":0.15932065602963583,"accuracy_train":0.92625,"loss_val":0.18961940111077702,"accuracy_val":0.5523255813953488,"_timestamp":1.728727491515096e+09}