{"loss_train":NaN,"_wandb":{"runtime":2},"accuracy_train":0.19958527734577503,"loss_val":NaN,"accuracy_val":0.23953488372093024,"_timestamp":1.72873365169595e+09,"_runtime":2.1636319999999998,"_step":99}