{"mse_val":1.3202792865364774,"_timestamp":1.728735895971143e+09,"_runtime":1.6251440000000001,"_wandb":{"runtime":1},"_step":99,"mse_train":1.001356178607212}