{"_step":99,"mse_train":0.27004077081833994,"mse_val":0.32439694526665,"_timestamp":1.7287360386443331e+09,"_wandb":{"runtime":1},"_runtime":1.234443}