{"mse_val":1.0000047916604853,"_wandb":{"runtime":3},"_timestamp":1.72873533749402e+09,"_runtime":3.021792,"_step":99,"mse_train":1.0000047930494396}