{"_step":99,"loss_train":NaN,"_wandb":{"runtime":1},"accuracy_train":0.3131156039398652,"loss_val":NaN,"accuracy_val":0.22093023255813954,"_timestamp":1.728733094526191e+09,"_runtime":1.700392}