{"accuracy_val":0.20232558139534884,"_timestamp":1.728731970188619e+09,"_runtime":1.869554,"_step":99,"loss_train":0.33149758748006425,"_wandb":{"runtime":1},"accuracy_train":0.3022291342664593,"loss_val":0.7523606616291271}