{"accuracy_val":0.30930232558139537,"_timestamp":1.7287329517854238e+09,"_runtime":1.502196,"_step":99,"loss_train":NaN,"accuracy_train":0.3157076205287714,"loss_val":NaN,"_wandb":{"runtime":1}}