{"_runtime":1.340136,"_wandb":{"runtime":1},"_step":99,"mse_train":0.6314480916378136,"mse_val":0.6827570723521904,"_timestamp":1.728736183256995e+09}