{"_runtime":1.8997030000000001,"_step":99,"loss_train":0.18132448478293117,"accuracy_train":0.7325,"loss_val":0.1961849095576273,"accuracy_val":0.5406976744186046,"_timestamp":1.728729995230291e+09,"_wandb":{"runtime":1}}