{"_wandb":{"runtime":13},"_timestamp":1.7285493924459121e+09,"_runtime":13.749357,"_step":99,"loss_train":4.5219099015616795,"accuracy_train":0.1175,"loss_val":4.534565950824566,"accuracy_val":0.10465116279069768}