{"mse_val":0.3502588718776997,"_timestamp":1.7287348488711889e+09,"_runtime":1.3806,"_wandb":{"runtime":1},"_step":99,"mse_train":0.31398926978632524}