{"mse_train":0.5946424979042668,"mse_val":0.6878882862780761,"_timestamp":1.728736620387891e+09,"_runtime":1.379051,"_wandb":{"runtime":1},"_step":99}