{"loss_train":0.17077017565268762,"_wandb":{"runtime":49},"accuracy_train":0.80125,"loss_val":0.19025249856299536,"accuracy_val":0.5755813953488372,"_timestamp":1.728728225580299e+09,"_runtime":49.920838,"_step":99}