{"loss_train":0.17426019267278742,"_wandb":{"runtime":1},"accuracy_train":0.77375,"loss_val":0.19215506564766954,"accuracy_val":0.5581395348837209,"_timestamp":1.7287313544363651e+09,"_runtime":1.798821,"_step":99}