{"_runtime":1.180988,"_wandb":{"runtime":1},"_step":99,"mse_train":0.6248235878969562,"mse_val":0.6799632508389285,"_timestamp":1.728735018181728e+09}