{"loss_train":NaN,"accuracy_train":0.16018662519440124,"loss_val":NaN,"accuracy_val":0.1558139534883721,"_timestamp":1.7287332504550369e+09,"_runtime":1.748825,"_step":99,"_wandb":{"runtime":1}}