{"accuracy_val":0.03255813953488372,"_wandb":{"runtime":5},"_timestamp":1.7287322555187032e+09,"_runtime":5.430086,"_step":99,"loss_train":0.33688492973470835,"accuracy_train":0.047174701918092275,"loss_val":0.3566811685479744}