{"_step":99,"loss_train":0.20509599417682337,"accuracy_train":0.45625,"loss_val":0.20728569261868993,"_wandb":{"runtime":1},"accuracy_val":0.38372093023255816,"_timestamp":1.728727337202702e+09,"_runtime":1.914612}