{"_timestamp":1.7287334645535018e+09,"_runtime":2.154119,"_wandb":{"runtime":2},"_step":99,"loss_train":NaN,"accuracy_train":0.002073613271124935,"loss_val":NaN,"accuracy_val":0}