{"_runtime":1.714612,"_step":99,"loss_train":0.19527498112666597,"_wandb":{"runtime":1},"accuracy_train":0.605,"loss_val":0.19618221094457525,"accuracy_val":0.5755813953488372,"_timestamp":1.728731144045859e+09}