{"_wandb":{"runtime":1},"loss_val":0.3556568575119342,"accuracy_val":0.004651162790697674,"_timestamp":1.728734116892598e+09,"_runtime":1.657224,"_step":99,"loss_train":0.34489055816525327,"accuracy_train":0.004665629860031105}