{"accuracy_val":0.10232558139534884,"_timestamp":1.728732145078044e+09,"_runtime":3.47724,"_step":99,"loss_train":0.40172582019865655,"accuracy_train":0.10627268014515293,"loss_val":0.4639959014678622,"_wandb":{"runtime":3}}