{"_wandb":{"runtime":1},"mse_train":0.9999999999999999,"mse_val":1,"_timestamp":1.7287350318690372e+09,"_runtime":1.975571,"_step":99}