{"accuracy_train":0.049766718506998445,"_wandb":{"runtime":2},"loss_val":0.5390218751865135,"accuracy_val":0.023255813953488372,"_timestamp":1.728734540864814e+09,"_runtime":2.1375669999999998,"_step":99,"loss_train":0.4135897805952097}