{"_wandb":{"runtime":1},"loss_val":0.1951808715232722,"accuracy_val":0.563953488372093,"_timestamp":1.728731329544825e+09,"_runtime":1.6217359999999998,"_step":99,"loss_train":0.18793651351994559,"accuracy_train":0.665}