{"loss_val":NaN,"accuracy_val":0.6255813953488372,"_timestamp":1.728733705401112e+09,"_runtime":1.177715,"_step":99,"loss_train":NaN,"_wandb":{"runtime":1},"accuracy_train":0.6101607050285122}