{"accuracy_val":0.563953488372093,"_timestamp":1.728729121332153e+09,"_runtime":3.424337,"_step":99,"_wandb":{"runtime":3},"loss_train":0.1931497027677858,"accuracy_train":0.6225,"loss_val":0.1969948534981523}