{"loss_val":1.008598953201465,"accuracy_val":0.29534883720930233,"_timestamp":1.7287335952470279e+09,"_runtime":2.481735,"_step":99,"_wandb":{"runtime":2},"loss_train":0.2522970370786801,"accuracy_train":0.6029030585795749}