{"mse_train":0.6526221530520847,"_wandb":{"runtime":1},"mse_val":0.8497362725271331,"_timestamp":1.728735872893504e+09,"_runtime":1.19958,"_step":99}