{"loss_val":0.196609002356086,"_wandb":{"runtime":3},"accuracy_val":0.5813953488372093,"_timestamp":1.728727158468659e+09,"_runtime":3.700934,"_step":99,"loss_train":0.19598315328165747,"accuracy_train":0.57875}