{"_step":99,"loss_train":0.19248621568705557,"_wandb":{"runtime":1},"accuracy_train":0.645,"loss_val":0.19637267893885652,"accuracy_val":0.563953488372093,"_timestamp":1.728731340389514e+09,"_runtime":1.82016}