{"_timestamp":1.728420041096264e+09,"_runtime":13.558065,"_step":99,"_wandb":{"runtime":13},"mse":1.9999999999999996,"rmse":1.414213562373095,"r2":-0.9999999999974021}