{"loss_train":0.28896848618656307,"accuracy_train":0.41835147744945567,"loss_val":0.3865978097072978,"accuracy_val":0.2930232558139535,"_wandb":{"runtime":1},"_timestamp":1.728734474700166e+09,"_runtime":1.742291,"_step":99}