{"loss_train":0.18948196285155303,"accuracy_train":0.675,"loss_val":0.1960198845472937,"_wandb":{"runtime":1},"accuracy_val":0.5523255813953488,"_timestamp":1.728729839091824e+09,"_runtime":1.8984809999999999,"_step":99}