{"_wandb":{"runtime":3},"loss_train":0.8324224534748922,"accuracy_train":0.12960082944530846,"loss_val":0.8692033270445967,"accuracy_val":0.13953488372093023,"_timestamp":1.728732307760808e+09,"_runtime":3.486661,"_step":99}