{"loss_val":0.20498926403049358,"accuracy_val":0.5465116279069767,"_timestamp":1.728730242962612e+09,"_wandb":{"runtime":2},"_runtime":2.555278,"_step":99,"loss_train":0.20498789471609905,"accuracy_train":0.5275}