{"_timestamp":1.7287348660494778e+09,"_runtime":1.08206,"_step":99,"mse_train":0.8243985918333948,"_wandb":{"runtime":1},"mse_val":0.8610732444788899}