{"_step":99,"mse_train":0.5623112163984821,"mse_val":0.5985969134416025,"_timestamp":1.7287360872081769e+09,"_runtime":1.2356989999999999,"_wandb":{"runtime":1}}