{"_timestamp":1.728732469667813e+09,"_runtime":3.153466,"_wandb":{"runtime":3},"_step":99,"loss_train":NaN,"accuracy_train":0.738206324520477,"loss_val":NaN,"accuracy_val":0.42790697674418604}