{"_runtime":2.018846,"_wandb":{"runtime":2},"_step":99,"loss_train":0.16770790777878158,"accuracy_train":0.865,"loss_val":0.1905305520198266,"accuracy_val":0.5872093023255814,"_timestamp":1.7287300925836742e+09}