{"_wandb":{"runtime":1},"accuracy_train":0.60875,"loss_val":0.19735532352026613,"accuracy_val":0.5872093023255814,"_timestamp":1.7287311045143092e+09,"_runtime":1.8749310000000001,"_step":99,"loss_train":0.19603337391106868}