{"_runtime":1.641463,"_step":99,"_wandb":{"runtime":1},"loss_train":0.3577462292158279,"accuracy_train":0.0751684810782789,"loss_val":0.37756346073808883,"accuracy_val":0.06744186046511629,"_timestamp":1.728732885855119e+09}