{"_wandb":{"runtime":1},"_timestamp":1.7287353246699321e+09,"_runtime":1.810195,"_step":99,"mse_train":1.0002171410070555,"mse_val":1.0003810483564999}