{"_timestamp":1.7287366990045571e+09,"_runtime":1.5388060000000001,"_step":99,"_wandb":{"runtime":1},"mse_train":NaN,"mse_val":NaN}