{"_step":99,"_wandb":{"runtime":1},"loss_train":NaN,"accuracy_train":0.17833074131674442,"loss_val":NaN,"accuracy_val":0.18372093023255814,"_timestamp":1.72873208389287e+09,"_runtime":1.112241}