{"_wandb":{"runtime":2},"_timestamp":1.7287337016129951e+09,"_runtime":2.23711,"_step":99,"loss_train":NaN,"accuracy_train":0.31829963711767756,"loss_val":NaN,"accuracy_val":0.22093023255813954}