{"_runtime":1.63138,"_wandb":{"runtime":1},"_step":99,"loss_train":NaN,"accuracy_train":0.20321410057024364,"loss_val":NaN,"accuracy_val":0.18604651162790697,"_timestamp":1.7287340177133188e+09}