{"_timestamp":1.7287359583431098e+09,"_runtime":1.403843,"_step":99,"_wandb":{"runtime":1},"mse_train":0.45599458073677296,"mse_val":0.5634813904205036}