{"loss_train":0.28017587558726137,"_wandb":{"runtime":1},"accuracy_train":0.5427682737169518,"loss_val":0.8261975455248346,"accuracy_val":0.2930232558139535,"_timestamp":1.728731825900866e+09,"_runtime":1.844242,"_step":99}