{"_runtime":2.3715260000000002,"_wandb":{"runtime":2},"_step":99,"mse_train":0.9999999999999999,"mse_val":1,"_timestamp":1.7287367869872441e+09}