{"accuracy_train":0.223950233281493,"loss_val":NaN,"_wandb":{"runtime":2},"accuracy_val":0.2558139534883721,"_timestamp":1.728733640513802e+09,"_runtime":2.1556480000000002,"_step":99,"loss_train":NaN}