{"mse_train":0.5947525155632286,"_wandb":{"runtime":2},"mse_val":0.6929821614040178,"_timestamp":1.728735377304266e+09,"_runtime":2.694782,"_step":99}