{"_wandb":{"runtime":1},"_runtime":1.375125,"_step":99,"mse_train":0.988538809978947,"mse_val":0.9886286906340891,"_timestamp":1.7287364675516648e+09}