{"_timestamp":1.728731566357003e+09,"_runtime":1.085006,"_step":99,"_wandb":{"runtime":1},"loss_train":NaN,"accuracy_train":0.17055469155002592,"loss_val":NaN,"accuracy_val":0.14883720930232558}