{"accuracy_val":0.29534883720930233,"_wandb":{"runtime":1},"_timestamp":1.7287342866288981e+09,"_runtime":1.193676,"_step":99,"loss_train":NaN,"accuracy_train":0.30793157076205285,"loss_val":NaN}