{"_wandb":{"runtime":2},"_runtime":2.165834,"_step":99,"mse_train":0.3800906161642445,"mse_val":0.42750750374691715,"_timestamp":1.7287353704223292e+09}