{"_runtime":1.455482,"_wandb":{"runtime":1},"_step":99,"mse_train":0.7557157653778518,"mse_val":0.8399312342733655,"_timestamp":1.728737099299284e+09}