{"mse_val":0.6821430679376024,"_timestamp":1.7287360831861482e+09,"_runtime":1.712377,"_step":99,"_wandb":{"runtime":1},"mse_train":0.662163146357744}