{"loss_train":3.7617893570159255,"accuracy_train":0.22706065318818042,"loss_val":4.587116294547788,"accuracy_val":0.21395348837209302,"_wandb":{"runtime":1},"_timestamp":1.728733130593219e+09,"_runtime":1.850917,"_step":99}