{"_wandb":{"runtime":1},"_timestamp":1.728733821698439e+09,"_runtime":1.330926,"_step":99,"loss_train":0.44792522527705064,"accuracy_train":0,"loss_val":0.47853359857085254,"accuracy_val":0}