{"loss_train":2.1039465783366613,"accuracy_train":0.31829963711767756,"loss_val":2.5426345368123644,"_wandb":{"runtime":2},"accuracy_val":0.3325581395348837,"_timestamp":1.7287334525601091e+09,"_runtime":2.468301,"_step":99}