{"accuracy_val":0.2302325581395349,"_timestamp":1.728734085240999e+09,"_runtime":1.153731,"_step":99,"_wandb":{"runtime":1},"loss_train":NaN,"accuracy_train":0.24416796267496113,"loss_val":NaN}