{"accuracy_train":0.14125,"loss_val":0.22953237088262227,"accuracy_val":0.16279069767441862,"_wandb":{"runtime":1},"_timestamp":1.728727315862879e+09,"_runtime":1.73966,"_step":99,"loss_train":0.22946177262411982}