{"accuracy_val":0,"_timestamp":1.7287325792066329e+09,"_runtime":3.250114,"_step":99,"_wandb":{"runtime":3},"loss_train":0.36618133469005054,"accuracy_train":0,"loss_val":0.3816735804436278}