{"mse_train":1.0187204325444954,"mse_val":1.0106240044571677,"_timestamp":1.728735787714838e+09,"_runtime":1.194042,"_step":99,"_wandb":{"runtime":1}}