{"mse_val":0.3340316035043028,"_timestamp":1.7287370108929322e+09,"_runtime":1.396664,"_step":99,"_wandb":{"runtime":1},"mse_train":0.27773007923551896}