{"_wandb":{"runtime":12},"_runtime":12.64807,"_step":99,"loss_train":0.1431218729421297,"accuracy_train":0.3425,"loss_val":0.14507848341813595,"accuracy_val":0.43023255813953487,"_timestamp":1.728548962551681e+09}