{"_step":99,"loss_train":0.15553697422775345,"accuracy_train":0.96625,"loss_val":0.191016641388899,"accuracy_val":0.5755813953488372,"_timestamp":1.728729130925788e+09,"_runtime":5.511737,"_wandb":{"runtime":5}}