{"_timestamp":1.728735049302361e+09,"_runtime":1.233303,"_step":99,"_wandb":{"runtime":1},"mse_train":0.8830787374650463,"mse_val":1.1065131875006355}