{"_wandb":{"runtime":1},"_step":99,"mse_train":0.7244957395725324,"mse_val":0.7391006821188982,"_timestamp":1.7287373144232562e+09,"_runtime":1.207788}