{"accuracy_val":0.5465116279069767,"_timestamp":1.728728893841334e+09,"_runtime":3.7935879999999997,"_step":99,"_wandb":{"runtime":3},"loss_train":0.19672567821731357,"accuracy_train":0.59125,"loss_val":0.19932910760637304}