{"_wandb":{"runtime":1},"_runtime":1.323939,"_step":99,"mse_train":0.9686304431284734,"mse_val":1.0361087931884592,"_timestamp":1.728737368935822e+09}