{"_wandb":{"runtime":2},"_runtime":2.3224460000000002,"_step":99,"loss_train":NaN,"accuracy_train":0.6044582685329186,"loss_val":NaN,"accuracy_val":0.34651162790697676,"_timestamp":1.728733727508194e+09}