{"_timestamp":1.728735636936278e+09,"_runtime":1.818997,"_wandb":{"runtime":1},"_step":99,"mse_train":1.1256363669845142,"mse_val":1.1256358112154448}