{"_step":99,"_wandb":{"runtime":1},"mse_train":1.0403518674274204,"mse_val":1.1550132344306048,"_timestamp":1.728736929965407e+09,"_runtime":1.809168}