{"loss_val":0.20626240584195973,"accuracy_val":0.37790697674418605,"_timestamp":1.7287310457335522e+09,"_runtime":1.6170390000000001,"_step":99,"_wandb":{"runtime":1},"loss_train":0.20592921639340783,"accuracy_train":0.42375}