{"_wandb":{"runtime":3},"accuracy_train":0.60125,"loss_val":0.19603946851784657,"accuracy_val":0.5755813953488372,"_timestamp":1.728728993187634e+09,"_runtime":3.370979,"_step":99,"loss_train":0.19524410820730526}