{"loss_train":0.2092179562742637,"accuracy_train":0.41,"loss_val":0.20926696771428108,"accuracy_val":0.3953488372093023,"_wandb":{"runtime":1},"_timestamp":1.7287272522806919e+09,"_runtime":1.8792330000000002,"_step":99}