{"loss_train":0.35741594298663604,"accuracy_train":0.2680145152928979,"_wandb":{"runtime":3},"loss_val":0.3741118015860328,"accuracy_val":0.2744186046511628,"_timestamp":1.728732029117269e+09,"_runtime":3.133181,"_step":99}