{"accuracy_train":0.527734577501296,"loss_val":NaN,"accuracy_val":0.32558139534883723,"_timestamp":1.728732832732217e+09,"_runtime":2.613318,"_step":99,"_wandb":{"runtime":2},"loss_train":NaN}