{"accuracy_train":0.66875,"loss_val":0.19560840501206445,"accuracy_val":0.5755813953488372,"_timestamp":1.728730506614686e+09,"_runtime":2.727713,"_wandb":{"runtime":2},"_step":99,"loss_train":0.18971165319546923}