{"loss_train":0.18087722330648312,"accuracy_train":0.7525,"loss_val":0.19359378058904717,"accuracy_val":0.5406976744186046,"_wandb":{"runtime":1},"_timestamp":1.728727626773524e+09,"_runtime":1.925889,"_step":99}