{"_runtime":1.157605,"_wandb":{"runtime":1},"_step":99,"mse_train":0.5200619147426091,"mse_val":0.4302491017603877,"_timestamp":1.728737205899352e+09}