{"_step":99,"mse_train":1.227505312530638,"mse_val":1.2892684386683637,"_wandb":{"runtime":1},"_timestamp":1.7287373641663659e+09,"_runtime":1.081808}