{"accuracy_val":0.7116279069767442,"_timestamp":1.728733267212398e+09,"_runtime":2.618814,"_step":99,"loss_train":NaN,"accuracy_train":0.7532400207361327,"_wandb":{"runtime":2},"loss_val":NaN}