{"_timestamp":1.728732210462827e+09,"_runtime":4.600757,"_wandb":{"runtime":4},"_step":99,"loss_train":0.34661606871661194,"accuracy_train":0.07257646448937273,"loss_val":0.3688689234831691,"accuracy_val":0.07674418604651163}