{"accuracy_val":0.21627906976744185,"_timestamp":1.728731490640973e+09,"_runtime":1.688797,"_step":99,"loss_train":NaN,"accuracy_train":0.22343182996371178,"loss_val":NaN,"_wandb":{"runtime":1}}