{"_wandb":{"runtime":1},"mse_train":0.47733295057282793,"mse_val":0.6233724268247817,"_timestamp":1.728734924508325e+09,"_runtime":1.16075,"_step":99}