{"_step":99,"_wandb":{"runtime":3},"loss_train":0.3098654729031694,"accuracy_train":0.25972006220839816,"loss_val":0.35339758629044743,"accuracy_val":0.19534883720930232,"_timestamp":1.728731626194143e+09,"_runtime":3.30713}