{"_timestamp":1.728735300648032e+09,"_runtime":2.628637,"_wandb":{"runtime":2},"_step":99,"mse_train":0.2717140436674437,"mse_val":0.3262725602759541}