{"mse_val":1.0369368721847536,"_timestamp":1.728735063740403e+09,"_runtime":1.721408,"_step":99,"_wandb":{"runtime":1},"mse_train":0.9014274673394803}