{"_step":99,"_wandb":{"runtime":1},"loss_train":0.19537397548357757,"accuracy_train":0.61,"loss_val":0.19607270715663627,"accuracy_val":0.5755813953488372,"_timestamp":1.728731139426162e+09,"_runtime":1.63977}