{"accuracy_train":0.21513737687921203,"loss_val":0.33936573188845237,"accuracy_val":0.15813953488372093,"_wandb":{"runtime":1},"_timestamp":1.728734483611454e+09,"_runtime":1.578545,"_step":99,"loss_train":0.3148740455868904}