{"loss_val":0.5492737409599622,"_wandb":{"runtime":2},"accuracy_val":0.38372093023255816,"_timestamp":1.728733088500685e+09,"_runtime":2.851354,"_step":99,"loss_train":0.18495395857002164,"accuracy_train":0.7330222913426646}