{"_timestamp":1.728736981219748e+09,"_runtime":1.8779590000000002,"_step":99,"_wandb":{"runtime":1},"mse_train":0.6950771285530735,"mse_val":0.7759034608715725}