{"loss_train":NaN,"accuracy_train":0.2301710730948678,"_wandb":{"runtime":1},"loss_val":NaN,"accuracy_val":0.23488372093023255,"_timestamp":1.728731495040959e+09,"_runtime":1.141596,"_step":99}