{"mse_train":0.45951043077312403,"mse_val":0.5207062311102278,"_wandb":{"runtime":1},"_timestamp":1.7287347785852952e+09,"_runtime":1.081938,"_step":99}