{"accuracy_val":0.5406976744186046,"_wandb":{"runtime":1},"_timestamp":1.728729873573015e+09,"_runtime":1.995348,"_step":99,"loss_train":0.18367234418585013,"accuracy_train":0.7175,"loss_val":0.194398302765759}