{"_wandb":{"runtime":1},"_step":99,"mse_train":1.056176260143961,"mse_val":1.059593977137809,"_timestamp":1.728736310888261e+09,"_runtime":1.372888}