{"accuracy_train":0.1518921721099015,"_wandb":{"runtime":1},"loss_val":0.3551600883227614,"accuracy_val":0.1372093023255814,"_timestamp":1.728731747446604e+09,"_runtime":1.854683,"_step":99,"loss_train":0.3283950069835338}