{"_step":99,"mse_train":0.6335242389171933,"mse_val":0.6870431953977896,"_timestamp":1.728735026725313e+09,"_runtime":1.307226,"_wandb":{"runtime":1}}