{"_runtime":1.848603,"_step":99,"mse_train":0.9953876795550648,"mse_val":0.9966086859978167,"_timestamp":1.728735315146328e+09,"_wandb":{"runtime":1}}