{"_step":99,"mse_train":0.48427291934105937,"_wandb":{"runtime":1},"mse_val":0.4277953534529857,"_timestamp":1.728737094163285e+09,"_runtime":1.7039119999999999}