{"_timestamp":1.728730026548393e+09,"_runtime":2.199766,"_step":99,"loss_train":0.16992825589795532,"_wandb":{"runtime":2},"accuracy_train":0.82875,"loss_val":0.1893834430804091,"accuracy_val":0.5755813953488372}