{"loss_val":0.3655848757515154,"accuracy_val":0.08139534883720931,"_timestamp":1.728732927076979e+09,"_runtime":2.084689,"_wandb":{"runtime":2},"_step":99,"loss_train":0.3460076534412774,"accuracy_train":0.09175738724727839}