{"accuracy_val":0.5348837209302325,"_timestamp":1.728730741771161e+09,"_wandb":{"runtime":2},"_runtime":2.4728149999999998,"_step":99,"loss_train":0.18126162003876728,"accuracy_train":0.7225,"loss_val":0.19416852739517831}