{"_runtime":2.894495,"_step":99,"_wandb":{"runtime":2},"mse_train":0.9999999999999999,"mse_val":1,"_timestamp":1.728736269197129e+09}