{"accuracy_val":0.20465116279069767,"_timestamp":1.728732963409444e+09,"_runtime":1.686123,"_wandb":{"runtime":1},"_step":99,"loss_train":NaN,"accuracy_train":0.3297045101088647,"loss_val":NaN}