{"loss_val":NaN,"accuracy_val":0.16511627906976745,"_timestamp":1.728731646642866e+09,"_runtime":1.790769,"_step":99,"_wandb":{"runtime":1},"loss_train":NaN,"accuracy_train":0.2809745982374287}