{"mse_train":NaN,"mse_val":NaN,"_timestamp":1.7287367193948002e+09,"_runtime":1.5329540000000001,"_step":99,"_wandb":{"runtime":1}}