{"mse_val":0.6927608191558452,"_timestamp":1.728735013905542e+09,"_wandb":{"runtime":1},"_runtime":1.455816,"_step":99,"mse_train":0.6757835725255962}