{"accuracy_train":0.16744427164333853,"loss_val":4.278054624149069,"accuracy_val":0.16279069767441862,"_timestamp":1.728732130512937e+09,"_runtime":1.483566,"_step":99,"loss_train":4.169283080703266,"_wandb":{"runtime":1}}