{"_step":99,"mse_train":0.4518708209772131,"_wandb":{"runtime":1},"mse_val":0.5618249918890066,"_timestamp":1.728736367640331e+09,"_runtime":1.3351169999999999}