{"_timestamp":1.7287369990806358e+09,"_runtime":1.357301,"_step":99,"_wandb":{"runtime":1},"mse_train":1.2536372193621736,"mse_val":1.4192699149217445}