{"loss_val":0.20517649736487084,"accuracy_val":0.5,"_timestamp":1.728731040385053e+09,"_wandb":{"runtime":1},"_runtime":1.67915,"_step":99,"loss_train":0.20496681983608506,"accuracy_train":0.49375}