{"accuracy_train":0.64125,"loss_val":0.1958933309086869,"_wandb":{"runtime":2},"accuracy_val":0.5348837209302325,"_timestamp":1.7287305749284108e+09,"_runtime":2.571205,"_step":99,"loss_train":0.19219820653694625}