{"mse_train":0.40258714954697694,"mse_val":0.49521147318225744,"_timestamp":1.7287372404076748e+09,"_runtime":1.09852,"_step":99,"_wandb":{"runtime":1}}