{"_wandb":{"runtime":1},"accuracy_train":0.595,"loss_val":0.19614873034032576,"accuracy_val":0.5872093023255814,"_timestamp":1.728731304153857e+09,"_runtime":1.621038,"_step":99,"loss_train":0.1954000948885735}