{"accuracy_val":0.5302325581395348,"_timestamp":1.7287329801177258e+09,"_runtime":2.647362,"_step":99,"loss_train":NaN,"accuracy_train":0.8045619491964748,"loss_val":NaN,"_wandb":{"runtime":2}}