{"_wandb":{"runtime":1},"accuracy_train":0.5725,"loss_val":0.19960547147543645,"accuracy_val":0.5813953488372093,"_timestamp":1.728729646404233e+09,"_runtime":1.980866,"_step":99,"loss_train":0.19951592164822948}