{"loss_val":0.20205652430763088,"accuracy_val":0.5697674418604651,"_timestamp":1.728729653567738e+09,"_runtime":2.051303,"_step":99,"loss_train":0.20288285989084626,"accuracy_train":0.54875,"_wandb":{"runtime":2}}