{"_timestamp":1.7287324306665862e+09,"_runtime":3.107416,"_step":99,"_wandb":{"runtime":3},"loss_train":0.35568175027772386,"accuracy_train":0,"loss_val":0.370628170826064,"accuracy_val":0}