{"_runtime":1.647241,"_step":99,"loss_train":NaN,"accuracy_train":0.1731467081389321,"loss_val":NaN,"accuracy_val":0.13488372093023257,"_timestamp":1.7287342201093e+09,"_wandb":{"runtime":1}}