{"_step":99,"loss_train":0.17635395376259266,"accuracy_train":0.745,"_wandb":{"runtime":3},"loss_val":0.19645652791518334,"accuracy_val":0.48255813953488375,"_timestamp":1.7287282591228218e+09,"_runtime":3.487032}