{"_wandb":{"runtime":1},"_timestamp":1.728737119423449e+09,"_runtime":1.3172679999999999,"_step":99,"mse_train":NaN,"mse_val":NaN}