{"loss_val":0.2522738489983083,"accuracy_val":0.12790697674418605,"_timestamp":1.728548374843929e+09,"_runtime":27.924826,"_step":99,"_wandb":{"runtime":27},"loss_train":0.2553382402894556,"accuracy_train":0.11125}