{"_timestamp":1.728728922778798e+09,"_runtime":5.455108,"_step":99,"loss_train":0.1803013373312473,"accuracy_train":0.78,"loss_val":0.19314434367084868,"_wandb":{"runtime":5},"accuracy_val":0.5813953488372093}