{"_wandb":{"runtime":1},"accuracy_train":0.6375,"loss_val":0.18803835973275398,"accuracy_val":0.5930232558139535,"_timestamp":1.728731395518998e+09,"_runtime":1.835583,"_step":99,"loss_train":0.18200266034404053}