{"_runtime":1.249012,"_step":99,"loss_train":0.2340883226469193,"_wandb":{"runtime":1},"accuracy_train":0.09125,"loss_val":0.22944476619951157,"accuracy_val":0.10465116279069768,"_timestamp":1.728730277816534e+09}