{"accuracy_val":0.39069767441860465,"_wandb":{"runtime":1},"_timestamp":1.728733115243211e+09,"_runtime":1.787593,"_step":99,"loss_train":NaN,"accuracy_train":0.6355624675997926,"loss_val":NaN}