{"loss_train":NaN,"accuracy_train":0.2773457750129601,"loss_val":NaN,"_wandb":{"runtime":2},"accuracy_val":0.26976744186046514,"_timestamp":1.7287334060262039e+09,"_runtime":2.461579,"_step":99}