{"_wandb":{"runtime":1},"accuracy_val":0.563953488372093,"_timestamp":1.728731196367084e+09,"_runtime":1.623411,"_step":99,"loss_train":0.1963264494269666,"accuracy_train":0.595,"loss_val":0.19770665602349305}