{"accuracy_val":0.2372093023255814,"_timestamp":1.728733387890819e+09,"_runtime":1.071796,"_step":99,"_wandb":{"runtime":1},"loss_train":NaN,"accuracy_train":0.24364955935717988,"loss_val":NaN}