{"accuracy_val":0.36511627906976746,"_timestamp":1.728732870824497e+09,"_runtime":2.692633,"_step":99,"_wandb":{"runtime":2},"loss_train":0.29621619337837585,"accuracy_train":0.5572835666148264,"loss_val":0.8496708032611411}