{"loss_train":0.3374995599118267,"accuracy_train":0.15241057542768274,"loss_val":0.4339079127083023,"accuracy_val":0.09069767441860466,"_timestamp":1.7287344146846359e+09,"_wandb":{"runtime":1},"_runtime":1.684892,"_step":99}