{"_wandb":{"runtime":3},"_runtime":3.3106970000000002,"_step":99,"loss_train":0.34965891791394477,"accuracy_train":0.04510108864696734,"loss_val":0.36769246426855395,"accuracy_val":0.046511627906976744,"_timestamp":1.7287314833695412e+09}