{"_timestamp":1.728733911941403e+09,"_runtime":2.749561,"_step":99,"_wandb":{"runtime":2},"loss_train":2.255039721689152,"accuracy_train":0,"loss_val":2.308018422871774,"accuracy_val":0}