{"loss_train":0.20618160758549697,"accuracy_train":0.42375,"loss_val":0.2062038577766946,"accuracy_val":0.37209302325581395,"_timestamp":1.728729240712776e+09,"_runtime":3.4263529999999998,"_step":99,"_wandb":{"runtime":3}}