{"_runtime":1.7841559999999999,"_step":99,"loss_train":0.2529600332943614,"accuracy_train":0.49144634525660963,"loss_val":0.26988842028250776,"_wandb":{"runtime":1},"accuracy_val":0.45813953488372094,"_timestamp":1.728733974675114e+09}