{"_step":99,"mse_train":0.8640024448996442,"mse_val":0.9010242302428794,"_timestamp":1.728735922708989e+09,"_wandb":{"runtime":1},"_runtime":1.168048}