{"mse_val":0.7228340975300591,"_timestamp":1.728736481626729e+09,"_runtime":1.39555,"_wandb":{"runtime":1},"_step":99,"mse_train":0.6753683595834754}