{"loss_val":0.19867426676298017,"accuracy_val":0.5813953488372093,"_timestamp":1.728731125165247e+09,"_wandb":{"runtime":1},"_runtime":1.599644,"_step":99,"loss_train":0.19812014238901204,"accuracy_train":0.5825}