{"_timestamp":1.728736753635503e+09,"_runtime":1.421565,"_step":99,"_wandb":{"runtime":1},"mse_train":0.6533239480417462,"mse_val":0.6759535089698058}