{"accuracy_train":0.04354587869362364,"loss_val":0.37053680298610353,"accuracy_val":0.030232558139534883,"_timestamp":1.72873400443858e+09,"_runtime":2.631992,"_step":99,"loss_train":0.35428436776326305,"_wandb":{"runtime":2}}