{"accuracy_val":0.06279069767441861,"_timestamp":1.728731703296031e+09,"_runtime":1.599116,"_step":99,"_wandb":{"runtime":1},"loss_train":0.3661573133588504,"accuracy_train":0.05754276827371695,"loss_val":0.3870388053012555}