{"accuracy_train":0.54625,"_wandb":{"runtime":2},"loss_val":0.2029556322037049,"accuracy_val":0.5058139534883721,"_timestamp":1.7287273322324429e+09,"_runtime":2.696014,"_step":99,"loss_train":0.20275316391361675}