{"_timestamp":1.72872986361874e+09,"_wandb":{"runtime":2},"_runtime":2.784841,"_step":99,"loss_train":0.19699977131229043,"accuracy_train":0.48625,"loss_val":0.20354979113686353,"accuracy_val":0.38953488372093026}