{"accuracy_train":0.80875,"loss_val":0.19310289105548406,"accuracy_val":0.5465116279069767,"_timestamp":1.7287301793759592e+09,"_wandb":{"runtime":1},"_runtime":1.994229,"_step":99,"loss_train":0.1731038162339003}