{"_runtime":1.706755,"_wandb":{"runtime":1},"_step":99,"loss_train":NaN,"accuracy_train":0.30430274753758424,"loss_val":NaN,"accuracy_val":0.29534883720930233,"_timestamp":1.728732974625758e+09}