{"_runtime":1.768424,"_step":99,"_wandb":{"runtime":1},"loss_train":0.1992534920050604,"accuracy_train":0.57875,"loss_val":0.19913560726225588,"accuracy_val":0.5813953488372093,"_timestamp":1.728731029928115e+09}