{"loss_train":NaN,"accuracy_train":0.5012960082944531,"loss_val":NaN,"accuracy_val":0.28604651162790695,"_timestamp":1.728733555686531e+09,"_runtime":2.449695,"_wandb":{"runtime":2},"_step":99}