{"_step":99,"loss_train":0.19760033540372962,"accuracy_train":0.53875,"loss_val":0.20004678056318484,"accuracy_val":0.4883720930232558,"_wandb":{"runtime":2},"_timestamp":1.728727288875762e+09,"_runtime":2.085216}