{"_wandb":{"runtime":4},"accuracy_train":0.60875,"loss_val":0.2010441138672142,"accuracy_val":0.5406976744186046,"_timestamp":1.7287289420941591e+09,"_runtime":4.032552,"_step":99,"loss_train":0.19855650389517807}