{"accuracy_val":0,"_timestamp":1.728731738234925e+09,"_runtime":1.623472,"_step":99,"_wandb":{"runtime":1},"loss_train":0.3655954790456424,"accuracy_train":0,"loss_val":0.38055118083337786}