{"accuracy_train":0.15375,"loss_val":0.3858805723528902,"accuracy_val":0.1569767441860465,"_timestamp":1.728549508778421e+09,"_runtime":38.130962,"_step":99,"_wandb":{"runtime":38},"loss_train":0.39000459608530524}