{"_runtime":3.252507,"_step":99,"loss_train":NaN,"accuracy_train":0.6397096941420425,"loss_val":NaN,"_wandb":{"runtime":3},"accuracy_val":0.4883720930232558,"_timestamp":1.7287326478044102e+09}