{"accuracy_train":0.6325,"loss_val":0.1957813342661109,"accuracy_val":0.5581395348837209,"_timestamp":1.7287292521646872e+09,"_wandb":{"runtime":3},"_runtime":3.561267,"_step":99,"loss_train":0.1934618337937222}