{"mse_train":0.83739118531403,"mse_val":0.9763396563612424,"_timestamp":1.7287346872760189e+09,"_runtime":1.389609,"_step":99,"_wandb":{"runtime":1}}