{"_step":99,"loss_train":0.19555400538050285,"accuracy_train":0.60875,"_wandb":{"runtime":2},"loss_val":0.19635437287124183,"accuracy_val":0.5872093023255814,"_timestamp":1.7287303724211829e+09,"_runtime":2.39847}