{"loss_train":0.20146757099743864,"accuracy_train":0.51375,"_wandb":{"runtime":1},"loss_val":0.2011321954891725,"accuracy_val":0.48255813953488375,"_timestamp":1.72873100927523e+09,"_runtime":1.625979,"_step":99}