{"loss_val":0.20091191031459296,"accuracy_val":0.4941860465116279,"_timestamp":1.72873033776101e+09,"_runtime":2.642498,"_step":99,"loss_train":0.19677473259454592,"_wandb":{"runtime":2},"accuracy_train":0.54125}