{"_runtime":1.450946,"_wandb":{"runtime":1},"_step":99,"mse_train":1.0024033172893305,"mse_val":1.0103491307096508,"_timestamp":1.728736335283843e+09}