{"_wandb":{"runtime":1},"mse_val":0.9315955878760582,"_timestamp":1.7287356644917052e+09,"_runtime":1.276667,"_step":99,"mse_train":0.936891778537745}