{"mse_train":0.6201094290107122,"_wandb":{"runtime":1},"mse_val":0.6827320067583167,"_timestamp":1.728737186382236e+09,"_runtime":1.489762,"_step":99}