{"loss_val":0.2173241926868448,"accuracy_val":0.3546511627906977,"_wandb":{"runtime":3},"_timestamp":1.728729518845799e+09,"_runtime":3.366118,"_step":99,"loss_train":0.21175607353191633,"accuracy_train":0.36375}