{"_step":99,"mse_train":0.28149850551054106,"_wandb":{"runtime":1},"mse_val":0.35041501791218477,"_timestamp":1.728734728002159e+09,"_runtime":1.170486}