{"_runtime":1.124339,"_step":99,"_wandb":{"runtime":1},"mse_train":0.47280334213602304,"mse_val":0.48699145073809014,"_timestamp":1.728734773899313e+09}