{"mse_train":0.7943345268414529,"mse_val":0.999543895394561,"_wandb":{"runtime":1},"_timestamp":1.728736430230463e+09,"_runtime":1.482977,"_step":99}