{"_runtime":2.621039,"_wandb":{"runtime":2},"_step":99,"loss_train":NaN,"accuracy_train":0.8061171591498185,"loss_val":NaN,"accuracy_val":0.7046511627906977,"_timestamp":1.728733125541335e+09}