{"_timestamp":1.728729450579662e+09,"_wandb":{"runtime":3},"_runtime":3.699805,"_step":99,"loss_train":0.17714393770312603,"accuracy_train":0.76625,"loss_val":0.19171084991673545,"accuracy_val":0.5872093023255814}