{"loss_val":0.8592036864167623,"accuracy_val":0.2627906976744186,"_timestamp":1.7287336126981661e+09,"_runtime":2.546875,"_step":99,"_wandb":{"runtime":2},"loss_train":0.54237570127651,"accuracy_train":0.3665111456713323}