{"loss_train":4.079112174314639,"accuracy_train":0.20943494038361846,"loss_val":4.533909962112556,"accuracy_val":0.2,"_wandb":{"runtime":1},"_timestamp":1.728734044779812e+09,"_runtime":1.671589,"_step":99}