{"_runtime":1.16541,"_step":99,"mse_train":0.6477494654267002,"_wandb":{"runtime":1},"mse_val":0.8149247118532649,"_timestamp":1.728735883208971e+09}