{"_runtime":1.664168,"_step":99,"mse_train":0.2853458293255323,"mse_val":0.3334110135807909,"_wandb":{"runtime":1},"_timestamp":1.728736436796299e+09}