{"_runtime":1.528294,"_step":99,"_wandb":{"runtime":1},"mse_train":0.9917225838698053,"mse_val":0.9948964722812177,"_timestamp":1.728736330796984e+09}