{"_wandb":{"runtime":1},"loss_val":0.37765942209917486,"accuracy_val":0.07209302325581396,"_timestamp":1.72873289050797e+09,"_runtime":1.7575889999999998,"_step":99,"loss_train":0.3568870626963454,"accuracy_train":0.06480041472265423}