{"_wandb":{"runtime":3},"loss_val":0.19304009720373264,"accuracy_val":0.5581395348837209,"_timestamp":1.728728396750835e+09,"_runtime":3.731475,"_step":99,"loss_train":0.18371615846981895,"accuracy_train":0.67375}