{"_wandb":{"runtime":2},"accuracy_val":0.20930232558139536,"_timestamp":1.7287307756228402e+09,"_runtime":2.448308,"_step":99,"loss_train":0.20482201784082832,"accuracy_train":0.27,"loss_val":0.22136002663821672}