{"_timestamp":1.728729292045898e+09,"_runtime":1.124676,"_wandb":{"runtime":1},"_step":99,"loss_train":0.2020020565976345,"accuracy_train":0.4425,"loss_val":0.19993290996721225,"accuracy_val":0.45348837209302323}