{"accuracy_train":0.28771384136858474,"_wandb":{"runtime":2},"loss_val":0.29239291313225324,"accuracy_val":0.3,"_timestamp":1.728733343064209e+09,"_runtime":2.286308,"_step":99,"loss_train":0.2819833715800609}