{"_wandb":{"runtime":8},"_runtime":8.66215,"_step":99,"loss_train":7.312700130151346,"accuracy_train":0.25875,"loss_val":7.350846119602218,"accuracy_val":0.25,"_timestamp":1.728549118977809e+09}