{"_wandb":{"runtime":3},"accuracy_train":0.08346293416277864,"loss_val":NaN,"accuracy_val":0.07209302325581396,"_timestamp":1.728732172996096e+09,"_runtime":3.025825,"_step":99,"loss_train":NaN}