{"accuracy_val":0.5755813953488372,"_timestamp":1.728729359172647e+09,"_wandb":{"runtime":3},"_runtime":3.960736,"_step":99,"loss_train":0.16342901324656628,"accuracy_train":0.84125,"loss_val":0.1914528168575248}