{"_timestamp":1.7287303975397289e+09,"_wandb":{"runtime":2},"_runtime":2.545834,"_step":99,"loss_train":0.20821648052430833,"accuracy_train":0.44375,"loss_val":0.2083883390825037,"accuracy_val":0.38372093023255816}