{"mse_val":0.5371325806489472,"_timestamp":1.728734783327051e+09,"_runtime":1.225745,"_wandb":{"runtime":1},"_step":99,"mse_train":0.48715001700623}