{"_step":99,"loss_train":0.195964350260761,"accuracy_train":0.5925,"loss_val":0.19637980904903152,"accuracy_val":0.5755813953488372,"_wandb":{"runtime":1},"_timestamp":1.728730994680775e+09,"_runtime":1.679322}