{"mse_val":0.7520404735807315,"_timestamp":1.7287362312312388e+09,"_runtime":1.2095690000000001,"_step":99,"_wandb":{"runtime":1},"mse_train":0.6874367911882955}