{"_wandb":{"runtime":1},"_runtime":1.130125,"_step":99,"loss_train":4.980197060593489,"accuracy_train":0.16692586832555728,"loss_val":4.755427953205788,"accuracy_val":0.1883720930232558,"_timestamp":1.728734048260375e+09}