{"_step":99,"loss_train":0.9786279789840276,"accuracy_train":0.33022291342664595,"loss_val":1.355125649552837,"accuracy_val":0.30465116279069765,"_timestamp":1.7287334415327601e+09,"_wandb":{"runtime":2},"_runtime":2.6224}