{"loss_train":NaN,"_wandb":{"runtime":1},"accuracy_train":0.4214618973561431,"loss_val":NaN,"accuracy_val":0.4255813953488372,"_timestamp":1.728732449109673e+09,"_runtime":1.201977,"_step":99}