{"_step":99,"_wandb":{"runtime":1},"mse_train":0.4992465745245553,"mse_val":0.7146472679283158,"_timestamp":1.7287365168516438e+09,"_runtime":1.437198}