{"accuracy_train":0.5875,"loss_val":0.19648396876599722,"accuracy_val":0.5697674418604651,"_timestamp":1.728729259162689e+09,"_runtime":3.9451549999999997,"_wandb":{"runtime":3},"_step":99,"loss_train":0.1962943578880325}