{"accuracy_val":0.48372093023255813,"_timestamp":1.72873194469389e+09,"_wandb":{"runtime":1},"_runtime":1.68871,"_step":99,"loss_train":NaN,"accuracy_train":0.6889580093312597,"loss_val":NaN}