{"_wandb":{"runtime":1},"accuracy_val":0.38953488372093026,"_timestamp":1.728729704593638e+09,"_runtime":1.859977,"_step":99,"loss_train":0.20542063854222595,"accuracy_train":0.44125,"loss_val":0.20985178627945494}