{"_runtime":1.7678479999999999,"_step":99,"_wandb":{"runtime":1},"loss_train":0.41049048231967433,"accuracy_train":0.24935199585277346,"loss_val":0.5112460538927094,"accuracy_val":0.2116279069767442,"_timestamp":1.728731811389513e+09}