{"accuracy_train":0.6625,"loss_val":0.19585035472401102,"accuracy_val":0.5406976744186046,"_timestamp":1.728730980473402e+09,"_runtime":2.7773120000000002,"_wandb":{"runtime":2},"_step":99,"loss_train":0.1899138499695149}