{"mse":1.9999999999999996,"rmse":1.414213562373095,"r2":-0.9999999999974021,"_timestamp":1.7284196849865432e+09,"_wandb":{"runtime":124},"_runtime":124.578831,"_step":99}