{"accuracy_train":0.59,"loss_val":0.19702539292761656,"_wandb":{"runtime":1},"accuracy_val":0.5813953488372093,"_timestamp":1.728731185041135e+09,"_runtime":1.969775,"_step":99,"loss_train":0.19652408020613948}