{"loss_train":NaN,"accuracy_train":0.23587350959046138,"loss_val":NaN,"accuracy_val":0.22790697674418606,"_timestamp":1.728732820632371e+09,"_runtime":1.85612,"_wandb":{"runtime":1},"_step":99}