{"_timestamp":1.728731885286062e+09,"_runtime":1.6714440000000002,"_wandb":{"runtime":1},"_step":99,"loss_train":0.35656460013754887,"accuracy_train":0.06117159149818559,"loss_val":0.37559931996861634,"accuracy_val":0.06279069767441861}