{"loss_val":0.19677737239611898,"accuracy_val":0.5232558139534884,"_timestamp":1.728730482830841e+09,"_runtime":1.224768,"_step":99,"_wandb":{"runtime":1},"loss_train":0.20123900703121714,"accuracy_train":0.46}