{"_runtime":1.7423579999999999,"_step":99,"loss_train":NaN,"accuracy_train":0.2903058579574909,"loss_val":NaN,"accuracy_val":0.18372093023255814,"_wandb":{"runtime":1},"_timestamp":1.7287316418678122e+09}