{"loss_val":0.24983384548520488,"accuracy_val":0.06395348837209303,"_timestamp":1.728729492579169e+09,"_runtime":1.276532,"_step":99,"_wandb":{"runtime":1},"loss_train":0.2615596288528179,"accuracy_train":0.0575}