{"_runtime":1.904542,"_step":99,"loss_train":0.19911915916019524,"accuracy_train":0.52125,"loss_val":0.2003209142363395,"_wandb":{"runtime":1},"accuracy_val":0.47093023255813954,"_timestamp":1.728729859822813e+09}