{"mse_val":0.6732957102136697,"_timestamp":1.728736064922395e+09,"_wandb":{"runtime":1},"_runtime":1.164038,"_step":99,"mse_train":0.6255700030796052}