{"_runtime":10.647573,"_step":99,"loss_train":0.1976021633360482,"accuracy_train":0.13125,"_wandb":{"runtime":10},"loss_val":0.19492875377757854,"accuracy_val":0.12209302325581395,"_timestamp":1.7285488755773098e+09}