{"_runtime":1.249425,"_step":99,"_wandb":{"runtime":1},"mse_train":0.6175452175320236,"mse_val":0.6593253936732607,"_timestamp":1.728735005016433e+09}