{"_step":99,"loss_train":0.182043704987681,"accuracy_train":0.71625,"_wandb":{"runtime":1},"loss_val":0.19634036186289863,"accuracy_val":0.48255813953488375,"_timestamp":1.72872826496363e+09,"_runtime":1.966747}