{"accuracy_train":0.22375,"loss_val":0.3789710018427776,"accuracy_val":0.19767441860465115,"_wandb":{"runtime":22},"_timestamp":1.7285491056071382e+09,"_runtime":22.817827,"_step":99,"loss_train":0.36433515543306233}