{"mse_val":0.51066310168242,"_wandb":{"runtime":1},"_timestamp":1.728736526553992e+09,"_runtime":1.419769,"_step":99,"mse_train":0.4686277247497192}