{"loss_val":0.37929807302028296,"accuracy_val":0.07209302325581396,"_wandb":{"runtime":1},"_timestamp":1.72873409044491e+09,"_runtime":1.615745,"_step":99,"loss_train":0.35719966196643155,"accuracy_train":0.0736132711249352}