{"loss_train":0.1950940223387085,"accuracy_train":0.60625,"loss_val":0.19600335167676264,"accuracy_val":0.5872093023255814,"_timestamp":1.7287303791872058e+09,"_runtime":2.387175,"_wandb":{"runtime":2},"_step":99}