{"_step":99,"loss_train":NaN,"accuracy_train":0.05754276827371695,"_wandb":{"runtime":1},"loss_val":NaN,"accuracy_val":0.06046511627906977,"_timestamp":1.728734100812205e+09,"_runtime":1.6871429999999998}