{"_timestamp":1.728735186090115e+09,"_wandb":{"runtime":1},"_runtime":1.813946,"_step":99,"mse_train":0.8769891559617438,"mse_val":0.945461468406909}