{"loss_val":NaN,"accuracy_val":0.28604651162790695,"_timestamp":1.728731521947295e+09,"_runtime":3.002316,"_step":99,"loss_train":NaN,"accuracy_train":0.41161223431829963,"_wandb":{"runtime":3}}