{"_wandb":{"runtime":18},"_runtime":18.955005,"_step":99,"loss_train":0.22222332884738352,"accuracy_train":0.19875,"loss_val":0.22533344342035866,"accuracy_val":0.14534883720930233,"_timestamp":1.728728531075457e+09}