{"_runtime":1.7343920000000002,"_step":99,"_wandb":{"runtime":1},"mse_train":0.4634335297635288,"mse_val":0.4584186301974364,"_timestamp":1.728735213128363e+09}