{"loss_val":NaN,"accuracy_val":0.2534883720930233,"_timestamp":1.728733546037902e+09,"_wandb":{"runtime":2},"_runtime":2.257268,"_step":99,"loss_train":NaN,"accuracy_train":0.26594090202177295}