{"_runtime":1.480288,"_step":99,"mse_train":0.6741076441735518,"mse_val":0.7512635963575126,"_wandb":{"runtime":1},"_timestamp":1.728736414073209e+09}