{"_runtime":4.420792,"_step":99,"loss_train":0.1951765975006111,"_wandb":{"runtime":4},"accuracy_train":0.60875,"loss_val":0.1964908021789258,"accuracy_val":0.5988372093023255,"_timestamp":1.728730268029506e+09}