{"_step":99,"mse_train":0.5303328072477651,"mse_val":0.5874870048111668,"_timestamp":1.728736373088929e+09,"_wandb":{"runtime":1},"_runtime":1.419287}