{"accuracy_train":0.25090720580611714,"loss_val":0.809124263553853,"accuracy_val":0.23255813953488372,"_timestamp":1.72873153706604e+09,"_runtime":1.9549349999999999,"_step":99,"_wandb":{"runtime":1},"loss_train":0.6128292341214259}