{"_step":99,"loss_train":0.19502478789630048,"accuracy_train":0.6125,"_wandb":{"runtime":2},"loss_val":0.19582677104558788,"accuracy_val":0.5813953488372093,"_timestamp":1.7287275120112908e+09,"_runtime":2.700148}