{"loss_train":0.3282887225351057,"accuracy_train":0.14048729911871435,"_wandb":{"runtime":3},"loss_val":0.3513256747634022,"accuracy_val":0.11395348837209303,"_timestamp":1.728732793353538e+09,"_runtime":3.413771,"_step":99}