{"_runtime":2.739106,"_step":99,"loss_train":0.16300399642215138,"accuracy_train":0.9375,"loss_val":0.18874865991552212,"accuracy_val":0.6337209302325582,"_timestamp":1.7287306567023082e+09,"_wandb":{"runtime":2}}