{"loss_val":0.1954436121957154,"_wandb":{"runtime":1},"accuracy_val":0.5232558139534884,"_timestamp":1.7287312476830652e+09,"_runtime":1.83536,"_step":99,"loss_train":0.18579428062081127,"accuracy_train":0.705}