{"_step":99,"loss_train":0.22700336050370978,"_wandb":{"runtime":1},"accuracy_train":0.165,"loss_val":0.22579832656148724,"accuracy_val":0.1744186046511628,"_timestamp":1.728730921028599e+09,"_runtime":1.103029}