{"loss_train":NaN,"_wandb":{"runtime":2},"accuracy_train":0.3068947641264904,"loss_val":NaN,"accuracy_val":0.23255813953488372,"_timestamp":1.728733566539525e+09,"_runtime":2.324311,"_step":99}