{"_runtime":1.442636,"_step":99,"mse_train":0.933633262021829,"mse_val":0.8522197661134137,"_timestamp":1.728736806988904e+09,"_wandb":{"runtime":1}}