{"loss_val":NaN,"accuracy_val":0.1511627906976744,"_timestamp":1.7287321833412611e+09,"_runtime":3.167136,"_step":99,"loss_train":NaN,"_wandb":{"runtime":3},"accuracy_train":0.13374805598755832}