{"accuracy_train":0,"loss_val":0.3788596021561667,"accuracy_val":0,"_timestamp":1.728733527930323e+09,"_runtime":2.857551,"_step":99,"loss_train":0.3620950358407645,"_wandb":{"runtime":2}}