{"_wandb":{"runtime":1},"mse_val":0.9996522843113828,"_timestamp":1.7287348696932108e+09,"_runtime":1.10473,"_step":99,"mse_train":0.9990127999891888}