{"loss_val":0.2036866966005746,"accuracy_val":0.4941860465116279,"_timestamp":1.728728170813805e+09,"_runtime":1.497966,"_step":99,"loss_train":0.20610479277881993,"_wandb":{"runtime":1},"accuracy_train":0.43375}