{"loss_train":0.15185080719002797,"accuracy_train":0.37375,"loss_val":0.14636717997605037,"accuracy_val":0.3313953488372093,"_wandb":{"runtime":19},"_timestamp":1.728549755658391e+09,"_runtime":19.383331,"_step":99}