{"accuracy_train":0.1575,"loss_val":0.23041905598598114,"accuracy_val":0.1744186046511628,"_timestamp":1.7287284713032699e+09,"_runtime":21.207781,"_wandb":{"runtime":21},"_step":99,"loss_train":0.23216731596772627}