{"_runtime":1.205423,"_step":99,"loss_train":NaN,"_wandb":{"runtime":1},"accuracy_train":0.3001555209953344,"loss_val":NaN,"accuracy_val":0.25116279069767444,"_timestamp":1.728732265234088e+09}