{"_wandb":{"runtime":3},"_runtime":3.386577,"_step":99,"loss_train":0.20496037548354895,"accuracy_train":0.42375,"loss_val":0.20536279473796196,"accuracy_val":0.37209302325581395,"_timestamp":1.728729265632818e+09}