{"accuracy_train":0.5775,"loss_val":0.19341759745789283,"_wandb":{"runtime":5},"accuracy_val":0.5406976744186046,"_timestamp":1.728729331010346e+09,"_runtime":5.615871,"_step":99,"loss_train":0.19263874288102428}