{"_wandb":{"runtime":1},"mse_train":1.1577103078587963,"mse_val":1.4338255379583495,"_timestamp":1.728737373611852e+09,"_runtime":1.413873,"_step":99}