{"_wandb":{"runtime":13},"_runtime":13.755419,"_step":99,"loss_train":6.065383117537827,"accuracy_train":0.15625,"loss_val":6.130867015642487,"accuracy_val":0.1686046511627907,"_timestamp":1.72854952681618e+09}