{"_timestamp":1.7287349291400151e+09,"_runtime":1.719979,"_step":99,"_wandb":{"runtime":1},"mse_train":0.8493387719325467,"mse_val":0.8005839388017514}