{"accuracy_train":0.09125,"loss_val":0.23668522063705896,"accuracy_val":0.05813953488372093,"_timestamp":1.728727311804312e+09,"_runtime":1.882997,"_step":99,"_wandb":{"runtime":1},"loss_train":0.23528299844807454}