{"loss_train":0.20576862191100906,"accuracy_train":0.42375,"_wandb":{"runtime":3},"loss_val":0.2058837017824619,"accuracy_val":0.37209302325581395,"_timestamp":1.728729046098627e+09,"_runtime":3.622792,"_step":99}