{"mse_val":0.6826515361065464,"_timestamp":1.7287363414271731e+09,"_runtime":2.148875,"_step":99,"mse_train":0.6343561606868149,"_wandb":{"runtime":2}}