{"_runtime":2.476848,"_step":99,"loss_train":0.20757634967275987,"accuracy_train":0.37375,"_wandb":{"runtime":2},"loss_val":0.20759952684227923,"accuracy_val":0.3546511627906977,"_timestamp":1.72873025446719e+09}