{"_step":99,"loss_train":0.18932184303289357,"_wandb":{"runtime":1},"accuracy_train":0.67,"loss_val":0.19851116784275463,"accuracy_val":0.5116279069767442,"_timestamp":1.7287274744170592e+09,"_runtime":1.96692}