{"loss_train":0.20620269964937732,"accuracy_train":0.4925,"loss_val":0.20627523848276755,"accuracy_val":0.45348837209302323,"_timestamp":1.728727239226041e+09,"_wandb":{"runtime":2},"_runtime":2.041532,"_step":99}