{"accuracy_val":0.11162790697674418,"_wandb":{"runtime":2},"_timestamp":1.7287322022043462e+09,"_runtime":2.9665850000000002,"_step":99,"loss_train":NaN,"accuracy_train":0.10627268014515293,"loss_val":0.37798976746314494}