{"_runtime":2.933639,"_step":99,"loss_train":NaN,"_wandb":{"runtime":2},"accuracy_train":0.6039398652151374,"loss_val":NaN,"accuracy_val":0.5837209302325581,"_timestamp":1.728731806510869e+09}