{"loss_val":0.2091638902043496,"accuracy_val":0.37209302325581395,"_timestamp":1.7287289582910268e+09,"_runtime":3.906272,"_step":99,"loss_train":0.20597476983578367,"_wandb":{"runtime":3},"accuracy_train":0.54375}