{"_runtime":3.262058,"_wandb":{"runtime":3},"_step":99,"loss_train":0.17666247162702076,"accuracy_train":0.70625,"loss_val":0.19446460836544852,"accuracy_val":0.45348837209302323,"_timestamp":1.728730115056076e+09}