{"mse_val":0.5940027707328766,"_wandb":{"runtime":1},"_timestamp":1.728737137801813e+09,"_runtime":1.262642,"_step":99,"mse_train":0.4941644497339279}