{"_timestamp":1.72873165187072e+09,"_runtime":2.413941,"_step":99,"loss_train":NaN,"accuracy_train":0.24209434940383617,"loss_val":NaN,"_wandb":{"runtime":2},"accuracy_val":0.1697674418604651}