{"loss_val":0.1958740240761066,"accuracy_val":0.5348837209302325,"_timestamp":1.728730569189503e+09,"_wandb":{"runtime":2},"_runtime":2.648529,"_step":99,"loss_train":0.18987740241761866,"accuracy_train":0.65625}