{"loss_train":0.17911320039599285,"accuracy_train":0.73875,"loss_val":0.191741622457035,"accuracy_val":0.5581395348837209,"_timestamp":1.7287313636707141e+09,"_runtime":1.693427,"_step":99,"_wandb":{"runtime":1}}