{"_wandb":{"runtime":1},"mse_train":0.5875058087652189,"mse_val":0.6688586100870709,"_timestamp":1.7287371809919481e+09,"_runtime":1.242451,"_step":99}