{"_step":99,"_wandb":{"runtime":1},"mse_train":0.6166467111738011,"mse_val":0.6797515412863513,"_timestamp":1.72873661596592e+09,"_runtime":1.388503}