{"_wandb":{"runtime":2},"mse_train":1.0140821753784457,"mse_val":1.0189124886989616,"_timestamp":1.7287363161323972e+09,"_runtime":2.050417,"_step":99}