{"_runtime":1.919028,"_step":99,"loss_train":0.19973899317670168,"accuracy_train":0.5525,"loss_val":0.19954296884371195,"_wandb":{"runtime":1},"accuracy_val":0.6162790697674418,"_timestamp":1.728730960173326e+09}