{"_wandb":{"runtime":1},"accuracy_val":0.1883720930232558,"_timestamp":1.72873150998971e+09,"_runtime":1.746044,"_step":99,"loss_train":NaN,"accuracy_train":0.19440124416796267,"loss_val":NaN}