{"accuracy_val":0.35348837209302325,"_timestamp":1.728734240950026e+09,"_runtime":2.424585,"_wandb":{"runtime":2},"_step":99,"loss_train":NaN,"accuracy_train":0.5225505443234837,"loss_val":NaN}