{"accuracy_val":0.37790697674418605,"_timestamp":1.728549170690211e+09,"_runtime":47.30115,"_step":99,"loss_train":0.22966508323167534,"accuracy_train":0.325,"loss_val":0.22695785643909533,"_wandb":{"runtime":47}}