{"accuracy_val":0,"_timestamp":1.7287320717204921e+09,"_runtime":5.463134,"_step":99,"_wandb":{"runtime":5},"loss_train":0.3608331847799352,"accuracy_train":0,"loss_val":0.376141506371772}