{"_step":99,"loss_train":NaN,"accuracy_train":0.631933644375324,"loss_val":NaN,"_wandb":{"runtime":2},"accuracy_val":0.42093023255813955,"_timestamp":1.728731788989836e+09,"_runtime":2.033575}