{"loss_val":0.19374930794058232,"accuracy_val":0.5755813953488372,"_timestamp":1.728727594668295e+09,"_runtime":1.82537,"_step":99,"loss_train":0.1867041449214123,"accuracy_train":0.69875,"_wandb":{"runtime":1}}