{"mse_val":0.3289043387765402,"_timestamp":1.728737028487155e+09,"_runtime":1.394283,"_wandb":{"runtime":1},"_step":99,"mse_train":0.2731501973072249}