{"accuracy_train":0.14,"loss_val":0.23253707248894742,"accuracy_val":0.09883720930232558,"_timestamp":1.728730951135241e+09,"_runtime":1.79663,"_wandb":{"runtime":1},"_step":99,"loss_train":0.23352634382982063}