{"loss_train":0.170239568005996,"_wandb":{"runtime":5},"accuracy_train":0.81,"loss_val":0.18954961224277625,"accuracy_val":0.5930232558139535,"_timestamp":1.7287292809581702e+09,"_runtime":5.979786,"_step":99}