{"_wandb":{"runtime":1},"_step":99,"loss_train":0.19501152139335864,"accuracy_train":0.60625,"loss_val":0.19615491116048153,"accuracy_val":0.5755813953488372,"_timestamp":1.728731148640463e+09,"_runtime":1.736717}