{"_step":99,"loss_train":0.36258404931130545,"accuracy_train":0.0015552099533437014,"loss_val":0.4335683984264755,"_wandb":{"runtime":1},"accuracy_val":0,"_timestamp":1.7287332866173792e+09,"_runtime":1.76664}