{"_wandb":{"runtime":1},"_runtime":1.635126,"_step":99,"loss_train":0.3525308709753693,"accuracy_train":0.11301192327630896,"loss_val":0.3724667387590074,"accuracy_val":0.12325581395348838,"_timestamp":1.7287342939199412e+09}