{"_runtime":2.88991,"_step":99,"mse_train":0.8580706278283067,"mse_val":1.079091982382512,"_wandb":{"runtime":2},"_timestamp":1.72873667535357e+09}