{"_step":99,"loss_train":0.21601065802823302,"_wandb":{"runtime":2},"accuracy_train":0.37125,"loss_val":0.21588186342078083,"accuracy_val":0.4186046511627907,"_timestamp":1.728730233263076e+09,"_runtime":2.468232}