{"_step":99,"_wandb":{"runtime":3},"loss_train":NaN,"accuracy_train":0.20217729393468117,"loss_val":NaN,"accuracy_val":0.14883720930232558,"_timestamp":1.7287320909910522e+09,"_runtime":3.235037}