{"loss_train":0.1978246580344056,"accuracy_train":0.585,"loss_val":0.19782188743297557,"accuracy_val":0.5988372093023255,"_timestamp":1.7287299376436732e+09,"_runtime":1.942628,"_step":99,"_wandb":{"runtime":1}}