{"loss_val":0.3502189843974506,"accuracy_val":0.11162790697674418,"_timestamp":1.7287336786774049e+09,"_wandb":{"runtime":2},"_runtime":2.335767,"_step":99,"loss_train":0.3290211005334016,"accuracy_train":0.128564022809746}