{"_wandb":{"runtime":2},"_runtime":2.606395,"_step":99,"loss_train":0.20822704582223672,"accuracy_train":0.4275,"loss_val":0.2083116600623494,"accuracy_val":0.43023255813953487,"_timestamp":1.7287302599759529e+09}