{"_step":99,"_wandb":{"runtime":1},"mse_train":0.6666234841016079,"mse_val":0.662749484446981,"_timestamp":1.728735938191839e+09,"_runtime":1.079668}