{"_runtime":1.4004159999999999,"_wandb":{"runtime":1},"_step":99,"mse_train":0.6226525461939197,"mse_val":0.6671605488060454,"_timestamp":1.7287360740022762e+09}