{"loss_val":NaN,"_wandb":{"runtime":1},"accuracy_val":0.3209302325581395,"_timestamp":1.728731707248659e+09,"_runtime":1.148316,"_step":99,"loss_train":NaN,"accuracy_train":0.3297045101088647}