{"mse_val":1,"_timestamp":1.7287371039421172e+09,"_runtime":1.427141,"_step":99,"_wandb":{"runtime":1},"mse_train":1.0059659532118095}