{"_runtime":1.758081,"_wandb":{"runtime":1},"_step":99,"loss_train":0.20503201963708115,"accuracy_train":0.6899948159668222,"loss_val":0.5290757124116214,"accuracy_val":0.386046511627907,"_timestamp":1.72873189602926e+09}