{"_timestamp":1.728733549924442e+09,"_runtime":1.125081,"_step":99,"_wandb":{"runtime":1},"loss_train":NaN,"accuracy_train":0.3286677034733022,"loss_val":NaN,"accuracy_val":0.3}