{"loss_val":0.5437847281409091,"accuracy_val":0.14883720930232558,"_timestamp":1.728734266826586e+09,"_runtime":1.6738849999999998,"_wandb":{"runtime":1},"_step":99,"loss_train":0.4017826714155309,"accuracy_train":0.12441679626749612}