{"_timestamp":1.728735943559169e+09,"_wandb":{"runtime":1},"_runtime":1.303228,"_step":99,"mse_train":0.7578821096361444,"mse_val":0.8110021191861742}