{"accuracy_val":0,"_timestamp":1.7287335334817128e+09,"_runtime":2.535051,"_step":99,"_wandb":{"runtime":2},"loss_train":0.3586154820485669,"accuracy_train":0,"loss_val":0.3733299126502896}