{"_runtime":2.750207,"_step":99,"_wandb":{"runtime":2},"loss_train":0.34399804344615104,"accuracy_train":0.8061171591498185,"loss_val":3.2856413022865323,"accuracy_val":0.3697674418604651,"_timestamp":1.728733750133068e+09}