{"loss_val":0.21870840962319768,"accuracy_val":0.22674418604651161,"_timestamp":1.728727352054464e+09,"_runtime":1.2411349999999999,"_step":99,"loss_train":0.2148723465282751,"_wandb":{"runtime":1},"accuracy_train":0.26125}