{"_timestamp":1.728732906017693e+09,"_wandb":{"runtime":2},"_runtime":2.660896,"_step":99,"loss_train":NaN,"accuracy_train":0.27579056505961635,"loss_val":NaN,"accuracy_val":0.2930232558139535}