{"loss_val":0.19516024077230953,"accuracy_val":0.563953488372093,"_wandb":{"runtime":2},"_timestamp":1.7287306397457101e+09,"_runtime":2.662058,"_step":99,"loss_train":0.18849152035170783,"accuracy_train":0.6925}