{"mse_val":0.658291365116179,"_timestamp":1.7287348918216262e+09,"_runtime":1.161669,"_step":99,"_wandb":{"runtime":1},"mse_train":0.6207462178653302}