{"mse_train":0.8574595945596708,"mse_val":0.9090890353114212,"_timestamp":1.728734677416204e+09,"_runtime":1.140562,"_step":99,"_wandb":{"runtime":1}}