{"accuracy_train":0.57625,"loss_val":0.20003530841518344,"accuracy_val":0.5523255813953488,"_timestamp":1.728729692230707e+09,"_wandb":{"runtime":1},"_runtime":1.913429,"_step":99,"loss_train":0.1971123653172758}