{"_wandb":{"runtime":3},"loss_train":0.19638566001271845,"accuracy_train":0.58375,"loss_val":0.19687566788858585,"accuracy_val":0.5872093023255814,"_timestamp":1.728730407834008e+09,"_runtime":3.260918,"_step":99}