{"_step":99,"_wandb":{"runtime":1},"mse_train":0.5677901843097867,"mse_val":0.6623870622544007,"_timestamp":1.728734664630775e+09,"_runtime":1.250929}