{"loss_val":0.11941677130889447,"accuracy_val":0.45348837209302323,"_timestamp":1.728549077045105e+09,"_runtime":11.405726,"_step":99,"_wandb":{"runtime":11},"loss_train":0.12453542428251531,"accuracy_train":0.445}