{"_step":99,"_wandb":{"runtime":1},"mse_train":0.5136253479291844,"mse_val":0.5574879388768147,"_timestamp":1.7287349182412229e+09,"_runtime":1.125065}