{"loss_train":0.19528198812403444,"accuracy_train":0.61,"loss_val":0.19613887822260367,"accuracy_val":0.5813953488372093,"_timestamp":1.7287290002687502e+09,"_runtime":3.299878,"_step":99,"_wandb":{"runtime":3}}