{"mse_val":NaN,"_timestamp":1.728736276111088e+09,"_runtime":1.5340340000000001,"_step":99,"_wandb":{"runtime":1},"mse_train":NaN}