{"_wandb":{"runtime":1},"loss_train":NaN,"accuracy_train":0.5624675997926387,"loss_val":NaN,"accuracy_val":0.541860465116279,"_timestamp":1.728731929917244e+09,"_runtime":1.74187,"_step":99}