{"mse_train":NaN,"mse_val":NaN,"_timestamp":1.728737403274941e+09,"_runtime":1.5581559999999999,"_step":99,"_wandb":{"runtime":1}}