{"loss_train":0.21085623229458206,"accuracy_train":0.42375,"_wandb":{"runtime":3},"loss_val":0.21121384893275116,"accuracy_val":0.37209302325581395,"_timestamp":1.728728856444169e+09,"_runtime":3.643622,"_step":99}