{"loss_train":0.31862004967804164,"accuracy_train":0.2654224987039917,"loss_val":0.38226191458548336,"accuracy_val":0.17674418604651163,"_wandb":{"runtime":5},"_timestamp":1.728732439069432e+09,"_runtime":5.417463,"_step":99}