{"_wandb":{"runtime":1},"_step":99,"mse_train":0.9137797350297339,"mse_val":0.919817840866893,"_timestamp":1.728737171053559e+09,"_runtime":1.20935}