{"_step":99,"loss_train":0.26778882277960875,"accuracy_train":0.4691550025920166,"loss_val":0.3948518748418771,"accuracy_val":0.30697674418604654,"_timestamp":1.7287343492200582e+09,"_wandb":{"runtime":2},"_runtime":2.716374}