{"_wandb":{"runtime":2},"accuracy_val":0.1883720930232558,"_timestamp":1.7287319803803048e+09,"_runtime":2.548132,"_step":99,"loss_train":0.2885557076309041,"accuracy_train":0.2716433385173665,"loss_val":0.4158969727310673}