{"_wandb":{"runtime":1},"mse_train":0.974525351366153,"mse_val":1.1069425170911447,"_timestamp":1.728736796046247e+09,"_runtime":1.213912,"_step":99}