{"_step":99,"loss_train":NaN,"accuracy_train":0.6614826334888543,"loss_val":NaN,"accuracy_val":0.5837209302325581,"_wandb":{"runtime":3},"_timestamp":1.728733734185188e+09,"_runtime":3.547561}