{"loss_val":0.20231095750542247,"accuracy_val":0.45930232558139533,"_timestamp":1.7287294996170502e+09,"_runtime":3.535328,"_step":99,"_wandb":{"runtime":3},"loss_train":0.20759592585873177,"accuracy_train":0.4425}