{"_timestamp":1.728735347029818e+09,"_wandb":{"runtime":1},"_runtime":1.165893,"_step":99,"mse_train":0.5029632239430986,"mse_val":0.6239592866867301}