{"accuracy_val":0.25116279069767444,"_timestamp":1.7287321112780092e+09,"_runtime":3.163862,"_step":99,"_wandb":{"runtime":3},"loss_train":NaN,"accuracy_train":0.23846552617936756,"loss_val":NaN}