{"_runtime":1.981677,"_step":99,"_wandb":{"runtime":1},"loss_train":0.19120301440200604,"accuracy_train":0.6525,"loss_val":0.1967116248571209,"accuracy_val":0.5290697674418605,"_timestamp":1.7287299537525592e+09}