{"_runtime":2.980386,"_step":99,"_wandb":{"runtime":2},"loss_train":NaN,"accuracy_train":0.7708657335406947,"loss_val":NaN,"accuracy_val":0.4697674418604651,"_timestamp":1.7287316627056158e+09}