{"_step":99,"mse_train":1.1002370614866406,"mse_val":1.123779714692226,"_timestamp":1.7287363512864692e+09,"_runtime":1.167996,"_wandb":{"runtime":1}}