{"_runtime":1.968309,"_step":99,"loss_train":0.17672320909192993,"accuracy_train":0.7975,"loss_val":0.19293575610187116,"_wandb":{"runtime":1},"accuracy_val":0.5755813953488372,"_timestamp":1.728727621764292e+09}