{"_runtime":3.475654,"_step":99,"loss_train":0.347572531512773,"accuracy_train":0.16537065837221357,"loss_val":0.48088762384396355,"accuracy_val":0.12790697674418605,"_timestamp":1.7287323320782652e+09,"_wandb":{"runtime":3}}