{"accuracy_train":0.4775,"loss_val":0.2015173894638475,"accuracy_val":0.45348837209302323,"_wandb":{"runtime":1},"_timestamp":1.728730086690967e+09,"_runtime":1.246366,"_step":99,"loss_train":0.19889646316290366}