{"_wandb":{"runtime":1},"_step":99,"mse_train":0.29497991310550425,"mse_val":0.4019375038992312,"_timestamp":1.728735534218934e+09,"_runtime":1.8089979999999999}