{"loss_train":0.2295281867625233,"accuracy_train":0.23625,"loss_val":0.22757170585381237,"accuracy_val":0.23837209302325582,"_timestamp":1.7287284778432992e+09,"_wandb":{"runtime":1},"_runtime":1.929761,"_step":99}