{"accuracy_train":0.865,"loss_val":0.19105173910845372,"accuracy_val":0.5988372093023255,"_wandb":{"runtime":2},"_timestamp":1.72872761598157e+09,"_runtime":2.034452,"_step":99,"loss_train":0.16834393298991382}