{"accuracy_val":0.5058139534883721,"_timestamp":1.728730098245899e+09,"_wandb":{"runtime":1},"_runtime":1.8914149999999998,"_step":99,"loss_train":0.17356190978370034,"accuracy_train":0.7925,"loss_val":0.1938383974376787}