{"loss_val":NaN,"accuracy_val":0.30697674418604654,"_wandb":{"runtime":1},"_timestamp":1.728734008868664e+09,"_runtime":1.5541589999999998,"_step":99,"loss_train":NaN,"accuracy_train":0.2975635044064282}