{"loss_train":NaN,"accuracy_train":0.12337998963193364,"loss_val":NaN,"accuracy_val":0.1186046511627907,"_timestamp":1.728732880716046e+09,"_runtime":1.33515,"_wandb":{"runtime":1},"_step":99}