{"_timestamp":1.7287373425705001e+09,"_runtime":1.6187179999999999,"_step":99,"_wandb":{"runtime":1},"mse_train":0.9999999999999999,"mse_val":1}