{"accuracy_val":0.0069767441860465115,"_timestamp":1.728732514997175e+09,"_runtime":3.419628,"_wandb":{"runtime":3},"_step":99,"loss_train":0.35540245659603603,"accuracy_train":0.01607050285121825,"loss_val":0.3990332735110862}