{"_runtime":2.001749,"_step":99,"_wandb":{"runtime":2},"mse_train":0.7576433468655719,"mse_val":0.793418580992815,"_timestamp":1.72873653148227e+09}