{"loss_train":0.23835101533393063,"accuracy_train":0.15875,"loss_val":0.23510920025714457,"accuracy_val":0.1744186046511628,"_timestamp":1.72873098880047e+09,"_runtime":1.322612,"_wandb":{"runtime":1},"_step":99}