{"_wandb":{"runtime":1},"mse_train":0.539787490863501,"mse_val":0.5819045360359569,"_timestamp":1.728737064997062e+09,"_runtime":1.209919,"_step":99}