{"accuracy_val":0.07906976744186046,"_wandb":{"runtime":1},"_timestamp":1.728734303378067e+09,"_runtime":1.50559,"_step":99,"loss_train":0.3537953331861494,"accuracy_train":0.06739243131156039,"loss_val":0.3731930028137467}