{"accuracy_train":0.38625,"loss_val":0.07831605890861296,"_wandb":{"runtime":47},"accuracy_val":0.36046511627906974,"_timestamp":1.728549308555056e+09,"_runtime":47.394097,"_step":99,"loss_train":0.07848499771279285}