{"_timestamp":1.728736106689483e+09,"_runtime":2.475442,"_step":99,"_wandb":{"runtime":2},"mse_train":0.6426322276587105,"mse_val":0.7267990921226282}