{"_timestamp":1.728735978132761e+09,"_wandb":{"runtime":1},"_runtime":1.21215,"_step":99,"mse_train":0.5350263355150312,"mse_val":0.5913722611454124}