{"_wandb":{"runtime":1},"_runtime":1.089485,"_step":99,"loss_train":0.20180447546813024,"accuracy_train":0.48875,"loss_val":0.20255038832508773,"accuracy_val":0.47674418604651164,"_timestamp":1.728731237442419e+09}