{"_runtime":1.750207,"_step":99,"_wandb":{"runtime":1},"loss_train":0.34347904188686,"accuracy_train":0.024883359253499222,"loss_val":0.35923672211659957,"accuracy_val":0.020930232558139535,"_timestamp":1.728731762151834e+09}