{"accuracy_train":0.6459305339554173,"loss_val":NaN,"accuracy_val":0.5604651162790698,"_timestamp":1.7287338717387881e+09,"_runtime":2.48797,"_wandb":{"runtime":2},"_step":99,"loss_train":NaN}