{"mse_train":0.5279577192162861,"_wandb":{"runtime":1},"mse_val":0.651542409949165,"_timestamp":1.728734669545622e+09,"_runtime":1.727414,"_step":99}