{"_runtime":2.373545,"_step":99,"mse_train":0.3491436689921534,"mse_val":0.4609625048828636,"_timestamp":1.728735507184149e+09,"_wandb":{"runtime":2}}