{"loss_train":0.19589661473167877,"accuracy_train":0.59625,"loss_val":0.19790684301376785,"_wandb":{"runtime":2},"accuracy_val":0.5290697674418605,"_timestamp":1.72873072021673e+09,"_runtime":2.55286,"_step":99}