{"loss_val":0.19940966545899952,"accuracy_val":0.5290697674418605,"_timestamp":1.7287310750219781e+09,"_runtime":1.682289,"_wandb":{"runtime":1},"_step":99,"loss_train":0.19429461752880284,"accuracy_train":0.61125}