{"_runtime":21.52429,"_step":99,"loss_train":0.19687548072329372,"accuracy_train":0.61,"loss_val":0.1985522881512196,"accuracy_val":0.5406976744186046,"_wandb":{"runtime":21},"_timestamp":1.728728167042779e+09}