{"mse_val":1.0056541641144379,"_timestamp":1.728734673886915e+09,"_runtime":1.242428,"_step":99,"_wandb":{"runtime":1},"mse_train":1.0199433301108078}