{"_wandb":{"runtime":1},"_step":99,"mse_train":1.029725593187262,"mse_val":1.0295180170341376,"_timestamp":1.728735168376841e+09,"_runtime":1.8431959999999998}