{"accuracy_train":0.43753240020736134,"_wandb":{"runtime":1},"loss_val":NaN,"accuracy_val":0.32325581395348835,"_timestamp":1.728734363642406e+09,"_runtime":1.666771,"_step":99,"loss_train":NaN}