{"accuracy_train":0.27786417833074134,"loss_val":NaN,"accuracy_val":0.26744186046511625,"_timestamp":1.7287342110765939e+09,"_runtime":1.57491,"_step":99,"loss_train":NaN,"_wandb":{"runtime":1}}