{"_timestamp":1.728736471263783e+09,"_runtime":1.269048,"_step":99,"_wandb":{"runtime":1},"mse_train":0.9949576860444709,"mse_val":0.9935283940674698}