{"_step":99,"loss_train":0.19485281186761902,"accuracy_train":0.62125,"loss_val":0.19711840462619185,"accuracy_val":0.563953488372093,"_wandb":{"runtime":1},"_timestamp":1.7287313754742641e+09,"_runtime":1.778343}