{"loss_train":0.19456549193968806,"accuracy_train":0.595,"loss_val":0.19621406280576162,"accuracy_val":0.5697674418604651,"_timestamp":1.7287299099222772e+09,"_runtime":1.9409619999999999,"_step":99,"_wandb":{"runtime":1}}