{"accuracy_train":0,"_wandb":{"runtime":2},"loss_val":3.0202820729952156,"accuracy_val":0,"_timestamp":1.728733917708113e+09,"_runtime":2.8048450000000003,"_step":99,"loss_train":3.1805915003664857}