{"accuracy_train":0.4095386210471747,"_wandb":{"runtime":1},"loss_val":NaN,"accuracy_val":0.29534883720930233,"_timestamp":1.728734511286159e+09,"_runtime":1.6621709999999998,"_step":99,"loss_train":NaN}