{"mse_train":0.9490946245612616,"mse_val":0.9574761278550797,"_timestamp":1.728736325610175e+09,"_runtime":1.41159,"_step":99,"_wandb":{"runtime":1}}