{"_wandb":{"runtime":1},"mse_train":0.2675531371830328,"mse_val":0.31857868609798284,"_timestamp":1.728736447525324e+09,"_runtime":1.372182,"_step":99}