{"loss_train":0.20665987453840637,"accuracy_train":0.45125,"loss_val":0.20853760136386545,"accuracy_val":0.43023255813953487,"_timestamp":1.7287289824166641e+09,"_runtime":3.281758,"_step":99,"_wandb":{"runtime":3}}