{"_runtime":1.104513,"_step":99,"mse_train":0.511606292590924,"mse_val":0.5762589365137161,"_wandb":{"runtime":1},"_timestamp":1.7287346563284879e+09}