{"loss_val":0.2084622592511382,"accuracy_val":0.37209302325581395,"_timestamp":1.728728797385571e+09,"_runtime":34.403202,"_step":99,"loss_train":0.20838999058159385,"accuracy_train":0.42375,"_wandb":{"runtime":34}}