{"mse_train":1.1041693353572406,"mse_val":1.1012501000152963,"_timestamp":1.728736897734792e+09,"_runtime":1.187039,"_step":99,"_wandb":{"runtime":1}}