{"_runtime":1.686327,"_step":99,"_wandb":{"runtime":1},"loss_train":0.36590468341577304,"accuracy_train":0,"loss_val":0.3800716970120371,"accuracy_val":0,"_timestamp":1.72873398416884e+09}