{"accuracy_val":0.5872093023255814,"_timestamp":1.728727363618207e+09,"_runtime":1.762966,"_step":99,"loss_train":0.19547068548561589,"accuracy_train":0.60375,"_wandb":{"runtime":1},"loss_val":0.1962918745233139}