{"_wandb":{"runtime":1},"_step":99,"mse_train":0.6989146845145338,"mse_val":0.6869770116005095,"_timestamp":1.7287348968386922e+09,"_runtime":1.941373}