{"_wandb":{"runtime":1},"mse_val":NaN,"_timestamp":1.728737124071672e+09,"_runtime":1.2013449999999999,"_step":99,"mse_train":NaN}