{"_timestamp":1.7287369497439492e+09,"_runtime":1.292935,"_step":99,"_wandb":{"runtime":1},"mse_train":0.5363913823618598,"mse_val":0.6265912965520732}