{"_runtime":3.821914,"_step":99,"loss_train":0.3400621144911176,"_wandb":{"runtime":3},"accuracy_train":0.07102125453602903,"loss_val":0.3588093705897272,"accuracy_val":0.07209302325581396,"_timestamp":1.728733378126912e+09}