{"_runtime":1.396666,"_step":99,"mse_train":0.30586064278408487,"mse_val":0.3379276047128403,"_timestamp":1.72873658230066e+09,"_wandb":{"runtime":1}}