{"_wandb":{"runtime":1},"accuracy_train":0.41625,"loss_val":0.2225832205827338,"accuracy_val":0.37209302325581395,"_timestamp":1.7287309044764748e+09,"_runtime":1.847699,"_step":99,"loss_train":0.2223462448313926}