{"loss_val":0.18931433530195402,"accuracy_val":0.5755813953488372,"_timestamp":1.7287305142823648e+09,"_runtime":4.776825,"_step":99,"_wandb":{"runtime":4},"loss_train":0.15176183034910343,"accuracy_train":0.9675}