{"accuracy_val":0.10930232558139535,"_wandb":{"runtime":1},"_timestamp":1.728734329474345e+09,"_runtime":1.718234,"_step":99,"loss_train":0.3326346928718483,"accuracy_train":0.12493519958527735,"loss_val":0.3563602988711822}