{"accuracy_train":0.6575,"loss_val":0.1978996993155824,"accuracy_val":0.5465116279069767,"_timestamp":1.728727436117215e+09,"_runtime":1.841622,"_step":99,"loss_train":0.19240866469714993,"_wandb":{"runtime":1}}