{"mse_val":0.37090452885300856,"_timestamp":1.728735273441804e+09,"_runtime":1.7977319999999999,"_step":99,"_wandb":{"runtime":1},"mse_train":0.317280819569428}