{"_step":99,"loss_train":NaN,"accuracy_train":0.22446863659927424,"loss_val":NaN,"accuracy_val":0.19069767441860466,"_wandb":{"runtime":1},"_timestamp":1.728731773623921e+09,"_runtime":1.626265}