{"_step":99,"_wandb":{"runtime":2},"loss_train":0.1751573540598101,"accuracy_train":0.76625,"loss_val":0.1948243269764722,"accuracy_val":0.5174418604651163,"_timestamp":1.72873073554972e+09,"_runtime":2.567535}