{"accuracy_train":0.1332296526697771,"loss_val":0.3800469796052126,"accuracy_val":0.11627906976744186,"_timestamp":1.728732494505742e+09,"_wandb":{"runtime":1},"_runtime":1.206919,"_step":99,"loss_train":0.35938443969382455}