{"loss_val":0.21018535778912034,"accuracy_val":0.3488372093023256,"_timestamp":1.728727425864629e+09,"_runtime":1.320212,"_step":99,"loss_train":0.20938434749943702,"accuracy_train":0.35125,"_wandb":{"runtime":1}}