{"loss_train":0.19786653675666133,"_wandb":{"runtime":2},"accuracy_train":0.5875,"loss_val":0.19740158220739998,"accuracy_val":0.5755813953488372,"_timestamp":1.728727321570109e+09,"_runtime":2.100386,"_step":99}