{"_runtime":1.9400439999999999,"_step":99,"loss_train":0.38569042869420594,"accuracy_train":0.3965785381026439,"loss_val":0.562333792764023,"accuracy_val":0.27906976744186046,"_wandb":{"runtime":1},"_timestamp":1.728733006796363e+09}