{"_step":99,"mse_train":0.8583557091906586,"mse_val":0.9037475084365567,"_wandb":{"runtime":1},"_timestamp":1.7287369655369442e+09,"_runtime":1.463833}