{"_runtime":2.721463,"_step":99,"loss_train":NaN,"accuracy_train":0.6531881804043546,"loss_val":NaN,"accuracy_val":0.6627906976744186,"_wandb":{"runtime":2},"_timestamp":1.728734501078932e+09}