{"_timestamp":1.7287347943901381e+09,"_runtime":1.177738,"_step":99,"_wandb":{"runtime":1},"mse_train":0.4397497065942118,"mse_val":0.5280862380209465}