{"_runtime":1.253864,"_step":99,"_wandb":{"runtime":1},"mse_train":0.9999999999999999,"mse_val":1,"_timestamp":1.72873468319991e+09}