{"_runtime":2.471866,"_step":99,"_wandb":{"runtime":2},"loss_train":NaN,"accuracy_train":0.21669258683255574,"loss_val":NaN,"accuracy_val":0.23255813953488372,"_timestamp":1.728733635412846e+09}