{"_wandb":{"runtime":1},"mse_val":0.9290320317892543,"_timestamp":1.72873581462376e+09,"_runtime":1.379191,"_step":99,"mse_train":0.9174463506026597}