{"_timestamp":1.7287292878446379e+09,"_wandb":{"runtime":3},"_runtime":3.9530950000000002,"_step":99,"loss_train":0.1946503012668142,"accuracy_train":0.615,"loss_val":0.19912404448464463,"accuracy_val":0.563953488372093}