{"loss_val":0.37836752571912396,"accuracy_val":0.06744186046511629,"_wandb":{"runtime":2},"_timestamp":1.728733625825769e+09,"_runtime":2.146553,"_step":99,"loss_train":0.35700577854639787,"accuracy_train":0.06687402799377916}