{"_runtime":2.466946,"_step":99,"loss_train":0.20416493031627148,"_wandb":{"runtime":2},"accuracy_train":0.35,"loss_val":0.21782491963619524,"accuracy_val":0.3372093023255814,"_timestamp":1.728730770150829e+09}