{"_timestamp":1.7287310907527838e+09,"_runtime":1.793663,"_step":99,"_wandb":{"runtime":1},"loss_train":0.21220828970168004,"accuracy_train":0.4475,"loss_val":0.21214710135441694,"accuracy_val":0.42441860465116277}