{"mse_train":0.9278494527171752,"_wandb":{"runtime":1},"mse_val":0.9523501957999126,"_timestamp":1.728735928183616e+09,"_runtime":1.280561,"_step":99}