{"_runtime":1.634731,"_step":99,"loss_train":NaN,"accuracy_train":0.12234318299637117,"loss_val":NaN,"accuracy_val":0.1186046511627907,"_timestamp":1.728731562895851e+09,"_wandb":{"runtime":1}}