{"loss_train":3.895266833223319,"accuracy_train":0.3146708138932089,"loss_val":3.9758984578143313,"accuracy_val":0.32790697674418606,"_wandb":{"runtime":1},"_timestamp":1.7287329898861718e+09,"_runtime":1.167804,"_step":99}