{"_timestamp":1.728734723943213e+09,"_wandb":{"runtime":1},"_runtime":1.335002,"_step":99,"mse_train":0.2698007185465266,"mse_val":0.3215482512475637}