{"loss_train":NaN,"accuracy_train":0.2301710730948678,"loss_val":NaN,"accuracy_val":0.2302325581395349,"_timestamp":1.7287321900438662e+09,"_runtime":3.021154,"_wandb":{"runtime":3},"_step":99}