{"accuracy_val":0.5406976744186046,"_timestamp":1.7287306003197281e+09,"_runtime":2.399707,"_step":99,"loss_train":0.19166146964397487,"accuracy_train":0.64375,"_wandb":{"runtime":2},"loss_val":0.19729653954522902}