{"_wandb":{"runtime":3},"_runtime":3.526915,"_step":99,"loss_train":0.31091194949993917,"accuracy_train":0.27216174183514774,"loss_val":0.5610945004598296,"accuracy_val":0.19767441860465115,"_timestamp":1.7287325213679628e+09}