{"accuracy_train":0.38,"loss_val":0.21186970807251382,"accuracy_val":0.32558139534883723,"_timestamp":1.728728934370922e+09,"_wandb":{"runtime":1},"_runtime":1.270025,"_step":99,"loss_train":0.2117213305450308}