{"loss_val":0.3303546024513355,"accuracy_val":0.10465116279069768,"_timestamp":1.7287341205665762e+09,"_runtime":1.218004,"_step":99,"_wandb":{"runtime":1},"loss_train":0.3144017125732309,"accuracy_train":0.14774494556765164}