{"_wandb":{"runtime":1},"mse_train":0.4400427779434822,"mse_val":0.523791264242001,"_timestamp":1.728737079327133e+09,"_runtime":1.439285,"_step":99}