{"accuracy_val":0.18604651162790697,"_timestamp":1.728731837024144e+09,"_runtime":1.7841900000000002,"_step":99,"loss_train":0.31896608588480824,"accuracy_train":0.2773457750129601,"loss_val":0.5150728598415505,"_wandb":{"runtime":1}}