{"_wandb":{"runtime":1},"mse_train":0.2786506857873635,"mse_val":0.33510989964881294,"_timestamp":1.728735263141599e+09,"_runtime":1.694649,"_step":99}