{"loss_val":0.2129325033979417,"accuracy_val":0.28488372093023256,"_timestamp":1.7287310598354719e+09,"_wandb":{"runtime":1},"_runtime":1.280556,"_step":99,"loss_train":0.2104864961369347,"accuracy_train":0.335}