{"loss_val":0.20344657372565103,"accuracy_val":0.37209302325581395,"_wandb":{"runtime":2},"_timestamp":1.7287285526525812e+09,"_runtime":2.211017,"_step":99,"loss_train":0.20245783826121583,"accuracy_train":0.42375}