{"_timestamp":1.7287347372313778e+09,"_runtime":1.1671420000000001,"_step":99,"_wandb":{"runtime":1},"mse_train":0.9938803375621693,"mse_val":1.0047608334439488}