{"_wandb":{"runtime":1},"mse_train":0.43716079941510244,"mse_val":0.475769432446721,"_timestamp":1.7287349142122219e+09,"_runtime":1.379619,"_step":99}