{"loss_train":0.37484651931791524,"accuracy_train":0.07931570762052877,"loss_val":0.41579327778957215,"accuracy_val":0.07441860465116279,"_wandb":{"runtime":1},"_timestamp":1.7287343902702231e+09,"_runtime":1.710325,"_step":99}