{"mse_train":0.627542567885252,"mse_val":0.7357256457023165,"_timestamp":1.728734803513995e+09,"_runtime":1.190951,"_step":99,"_wandb":{"runtime":1}}