{"_step":99,"loss_train":0.19981465661271744,"accuracy_train":0.53,"loss_val":0.19948439105916804,"_wandb":{"runtime":1},"accuracy_val":0.46511627906976744,"_timestamp":1.728730965156266e+09,"_runtime":1.829106}