{"loss_val":NaN,"accuracy_val":0.25116279069767444,"_timestamp":1.728732958825328e+09,"_runtime":1.8592330000000001,"_step":99,"_wandb":{"runtime":1},"loss_train":NaN,"accuracy_train":0.44738206324520474}