{"_step":99,"mse_train":0.653883229749247,"mse_val":0.6993625906153008,"_timestamp":1.728737060317281e+09,"_wandb":{"runtime":1},"_runtime":1.6318709999999998}