{"_step":99,"_wandb":{"runtime":1},"mse_train":0.26740402804437197,"mse_val":0.31524130410247725,"_timestamp":1.728735293493251e+09,"_runtime":1.732395}