{"_wandb":{"runtime":1},"accuracy_train":0.48125,"loss_val":0.2002049009420227,"accuracy_val":0.5,"_timestamp":1.728727294683159e+09,"_runtime":1.8891010000000001,"_step":99,"loss_train":0.20096776375575953}