{"_step":99,"mse_train":1.1477149185990603,"mse_val":1.1329095314198725,"_timestamp":1.728734610108903e+09,"_runtime":1.147281,"_wandb":{"runtime":1}}