{"accuracy_train":0.30171073094867806,"loss_val":0.4766856984045458,"accuracy_val":0.19767441860465115,"_wandb":{"runtime":1},"_timestamp":1.7287344052367868e+09,"_runtime":1.832281,"_step":99,"loss_train":0.3127893038764234}