{"loss_val":0.19542599634427127,"accuracy_val":0.5348837209302325,"_wandb":{"runtime":2},"_timestamp":1.728729783031208e+09,"_runtime":2.693752,"_step":99,"loss_train":0.19349233058111018,"accuracy_train":0.57125}