{"loss_val":0.21016624667293043,"accuracy_val":0.436046511627907,"_timestamp":1.728728965580559e+09,"_runtime":3.846058,"_wandb":{"runtime":3},"_step":99,"loss_train":0.20975242326670365,"accuracy_train":0.44625}