{"_wandb":{"runtime":2},"loss_train":0.3533920729677167,"accuracy_train":0.00673924313115604,"loss_val":0.3698647334135017,"accuracy_val":0.002325581395348837,"_timestamp":1.728733522137397e+09,"_runtime":2.318511,"_step":99}