{"_runtime":1.8850829999999998,"_step":99,"_wandb":{"runtime":1},"loss_train":0.18154921051834333,"accuracy_train":0.7475,"loss_val":0.19113543520208714,"accuracy_val":0.5930232558139535,"_timestamp":1.728731242937224e+09}