{"_step":99,"_wandb":{"runtime":1},"mse_train":0.2882953590942445,"mse_val":0.33778416996585786,"_timestamp":1.728737158060118e+09,"_runtime":1.509387}