{"accuracy_val":0.28604651162790695,"_wandb":{"runtime":3},"_timestamp":1.7287318321411252e+09,"_runtime":3.106399,"_step":99,"loss_train":0.29376224447619054,"accuracy_train":0.447900466562986,"loss_val":0.6257529183361151}