{"mse_val":0.7672324751128248,"_timestamp":1.728735974090933e+09,"_runtime":1.088081,"_step":99,"_wandb":{"runtime":1},"mse_train":0.6445605372269375}