{"_runtime":1.272664,"_step":99,"loss_train":0.24062232253677848,"accuracy_train":0.19375,"loss_val":0.24537765219024982,"accuracy_val":0.16279069767441862,"_wandb":{"runtime":1},"_timestamp":1.7287307639472268e+09}