{"accuracy_val":0,"_timestamp":1.728731815786864e+09,"_runtime":1.9383970000000001,"_step":99,"loss_train":7.931583293545561,"accuracy_train":0,"loss_val":8.250929916561997,"_wandb":{"runtime":1}}