{"mse_val":0.9881774931553527,"_timestamp":1.728735670009578e+09,"_runtime":1.844568,"_wandb":{"runtime":1},"_step":99,"mse_train":0.8706786884613292}