{"accuracy_train":0.5023328149300156,"loss_val":NaN,"accuracy_val":0.47674418604651164,"_timestamp":1.72873263519039e+09,"_runtime":3.170475,"_step":99,"loss_train":NaN,"_wandb":{"runtime":3}}