{"_wandb":{"runtime":2},"accuracy_val":0.24186046511627907,"_timestamp":1.728733740231227e+09,"_runtime":2.522758,"_step":99,"loss_train":0.3927915074018704,"accuracy_train":0.30741316744427166,"loss_val":0.6061098829121336}