{"mse":NaN,"rmse":NaN,"r2":NaN,"_timestamp":1.7284241465869608e+09,"_wandb":{"runtime":1722},"_runtime":1722.563463,"_step":4799}