{"_step":99,"mse_train":0.6280002826563984,"mse_val":0.6983638631119704,"_wandb":{"runtime":1},"_timestamp":1.72873620555179e+09,"_runtime":1.415702}