{"loss_val":NaN,"accuracy_val":0.4697674418604651,"_timestamp":1.7287331095713332e+09,"_runtime":1.7697880000000001,"_step":99,"_wandb":{"runtime":1},"loss_train":NaN,"accuracy_train":0.7433903576982893}