{"accuracy_val":0.563953488372093,"_wandb":{"runtime":2},"_timestamp":1.7287298549546869e+09,"_runtime":2.830416,"_step":99,"loss_train":0.16728383333077734,"accuracy_train":0.805,"loss_val":0.19320021000468002}