{"_step":99,"_wandb":{"runtime":2},"loss_train":0.20343939259901236,"accuracy_train":0.5575,"loss_val":0.20360154931882185,"accuracy_val":0.5290697674418605,"_timestamp":1.7287296594051719e+09,"_runtime":2.029309}