{"loss_train":NaN,"accuracy_train":0.33177812337998963,"loss_val":NaN,"accuracy_val":0.2441860465116279,"_timestamp":1.728733235956239e+09,"_wandb":{"runtime":1},"_runtime":1.764456,"_step":99}