{"accuracy_train":0.46,"loss_val":0.1940147275516517,"accuracy_val":0.4476744186046512,"_timestamp":1.7287300117794828e+09,"_runtime":1.910396,"_step":99,"_wandb":{"runtime":1},"loss_train":0.1924676359772181}