{"_runtime":1.9763549999999999,"_step":99,"mse_train":NaN,"mse_val":NaN,"_timestamp":1.728736748195842e+09,"_wandb":{"runtime":1}}