{"accuracy_train":0.4375,"loss_val":0.20199341855863026,"accuracy_val":0.4127906976744186,"_timestamp":1.728731163017537e+09,"_runtime":1.456645,"_step":99,"_wandb":{"runtime":1},"loss_train":0.20132469701813233}