{"loss_val":0.20566261112866008,"accuracy_val":0.4883720930232558,"_timestamp":1.7287297879696481e+09,"_runtime":1.993722,"_wandb":{"runtime":1},"_step":99,"loss_train":0.2052678567528714,"accuracy_train":0.48625}