{"_timestamp":1.7287362229078872e+09,"_runtime":1.188472,"_step":99,"mse_train":0.8109168740903355,"_wandb":{"runtime":1},"mse_val":0.8331228187389491}