{"accuracy_train":0.28875064800414724,"loss_val":0.7715747077738871,"accuracy_val":0.19534883720930232,"_timestamp":1.728731975745655e+09,"_runtime":1.78472,"_step":99,"_wandb":{"runtime":1},"loss_train":0.3162703750455373}