{"_wandb":{"runtime":1},"_timestamp":1.7287272334661179e+09,"_runtime":1.425396,"_step":99,"loss_train":0.22086867595238716,"accuracy_train":0.42375,"loss_val":0.2220726497444518,"accuracy_val":0.37209302325581395}