{"_runtime":1.749666,"_step":99,"loss_train":0.33829055496563887,"accuracy_train":0.19440124416796267,"loss_val":0.41923064882926975,"accuracy_val":0.12325581395348838,"_timestamp":1.728734409891975e+09,"_wandb":{"runtime":1}}