{"_timestamp":1.7287339889441988e+09,"_runtime":1.61592,"_wandb":{"runtime":1},"_step":99,"loss_train":0.3571388401865358,"accuracy_train":0.0005184033177812338,"loss_val":0.37061696216329365,"accuracy_val":0.002325581395348837}