{"_runtime":4.4549900000000004,"_step":99,"loss_train":0.1866928171084378,"_wandb":{"runtime":4},"accuracy_train":0.69875,"loss_val":0.19555302334222938,"accuracy_val":0.5174418604651163,"_timestamp":1.728730433638e+09}