{"_runtime":3.455303,"_step":99,"loss_train":0.18053829895537862,"accuracy_train":0.75625,"loss_val":0.1936787496547099,"accuracy_val":0.563953488372093,"_timestamp":1.728729457056489e+09,"_wandb":{"runtime":3}}