{"_step":99,"loss_train":0.18514555936637436,"accuracy_train":0.68875,"loss_val":0.19567261002970046,"accuracy_val":0.5348837209302325,"_wandb":{"runtime":1},"_timestamp":1.728731324157981e+09,"_runtime":1.737476}