{"_wandb":{"runtime":1},"_timestamp":1.728736686237211e+09,"_runtime":1.1725780000000001,"_step":99,"mse_train":0.9999999999999999,"mse_val":1}