{"_wandb":{"runtime":1},"mse_train":0.9679088814786165,"mse_val":0.9397873810989629,"_timestamp":1.7287362182858508e+09,"_runtime":1.145743,"_step":99}