{"_runtime":2.437679,"_step":99,"loss_train":0.19179563821107384,"accuracy_train":0.63125,"loss_val":0.19587431106875203,"accuracy_val":0.5581395348837209,"_timestamp":1.728730464911517e+09,"_wandb":{"runtime":2}}