{"accuracy_val":0.5813953488372093,"_wandb":{"runtime":3},"_timestamp":1.7287303912850509e+09,"_runtime":3.732119,"_step":99,"loss_train":0.19489929367147385,"accuracy_train":0.59875,"loss_val":0.19592472624411789}