{"loss_val":0.5439315621774102,"accuracy_val":0.15813953488372093,"_timestamp":1.7287316821411588e+09,"_runtime":1.872652,"_step":99,"loss_train":0.34250513520868875,"accuracy_train":0.2700881285640228,"_wandb":{"runtime":1}}