{"_runtime":1.7198820000000001,"_step":99,"_wandb":{"runtime":1},"mse_train":NaN,"mse_val":NaN,"_timestamp":1.728735746038555e+09}