{"_runtime":1.701011,"_wandb":{"runtime":1},"_step":99,"loss_train":0.28412953105865624,"accuracy_train":0.423535510627268,"loss_val":0.3594497890131347,"accuracy_val":0.27906976744186046,"_timestamp":1.728731905362657e+09}