{"_runtime":3.361862,"_step":99,"loss_train":0.22610880631062474,"accuracy_train":0.35375,"loss_val":0.22647538045758805,"accuracy_val":0.3546511627906977,"_wandb":{"runtime":3},"_timestamp":1.728729487625621e+09}