{"_step":99,"_wandb":{"runtime":3},"loss_train":0.2304956498210429,"accuracy_train":0.135,"loss_val":0.2343546412246938,"accuracy_val":0.11046511627906977,"_timestamp":1.7287301220203378e+09,"_runtime":3.105823}