{"loss_train":0.20209501780298839,"accuracy_train":0.4975,"loss_val":0.2039743459245809,"accuracy_val":0.47093023255813954,"_wandb":{"runtime":1},"_timestamp":1.728729825341913e+09,"_runtime":1.873682,"_step":99}