{"accuracy_val":0.5348837209302325,"_timestamp":1.7287299480025861e+09,"_runtime":2.038927,"_step":99,"_wandb":{"runtime":2},"loss_train":0.18717521385915006,"accuracy_train":0.69375,"loss_val":0.19570105577000435}