{"_runtime":3.573985,"_step":99,"loss_train":0.3640166585654463,"accuracy_train":0.00673924313115604,"loss_val":0.3879907992482004,"_wandb":{"runtime":3},"accuracy_val":0.002325581395348837,"_timestamp":1.7287324902054431e+09}