{"_step":99,"mse_train":NaN,"_wandb":{"runtime":1},"mse_val":NaN,"_timestamp":1.728737250946701e+09,"_runtime":1.2952810000000001}