{"_wandb":{"runtime":1},"_step":99,"loss_train":0.259985936058434,"accuracy_train":0.6531881804043546,"loss_val":0.8261064740976928,"accuracy_val":0.386046511627907,"_timestamp":1.728733151105881e+09,"_runtime":1.8734549999999999}