{"mse_val":0.31974113696990497,"_timestamp":1.728736021411457e+09,"_wandb":{"runtime":1},"_runtime":1.554439,"_step":99,"mse_train":0.2692027787780581}