{"mse_train":0.9828563546793685,"_wandb":{"runtime":1},"mse_val":0.9783250207662199,"_timestamp":1.7287369899636931e+09,"_runtime":1.209135,"_step":99}