{"_runtime":1.7653759999999998,"_step":99,"loss_train":NaN,"accuracy_train":0.5256609642301711,"loss_val":NaN,"_wandb":{"runtime":1},"accuracy_val":0.3395348837209302,"_timestamp":1.728733119960365e+09}