{"accuracy_train":0.575,"loss_val":0.19772720780063197,"accuracy_val":0.563953488372093,"_timestamp":1.728731000102429e+09,"_wandb":{"runtime":1},"_runtime":1.619355,"_step":99,"loss_train":0.19800423424035324}