{"_step":99,"mse_train":0.35195268806492497,"mse_val":0.4192493790286986,"_wandb":{"runtime":1},"_timestamp":1.728737019656509e+09,"_runtime":1.243345}