{"accuracy_train":0.24572317262830481,"loss_val":0.47220299553360545,"accuracy_val":0.24186046511627907,"_timestamp":1.728734463161933e+09,"_runtime":1.202077,"_step":99,"_wandb":{"runtime":1},"loss_train":0.46013318875873155}