{"_wandb":{"runtime":3},"accuracy_train":0.279419388284085,"loss_val":NaN,"accuracy_val":0.18372093023255814,"_timestamp":1.728732286291834e+09,"_runtime":3.071188,"_step":99,"loss_train":NaN}