{"_wandb":{"runtime":1},"mse_train":0.44124819618818667,"mse_val":0.5396171396635998,"_timestamp":1.7287352075722811e+09,"_runtime":1.934711,"_step":99}