{"_runtime":1.6529120000000002,"_step":99,"loss_train":0.35583959958132344,"accuracy_train":0.06946604458268534,"loss_val":0.37665506412917615,"_wandb":{"runtime":1},"accuracy_val":0.06511627906976744,"_timestamp":1.728731576094443e+09}