{"_runtime":3.494331,"_wandb":{"runtime":3},"_step":99,"loss_train":0.2059951015673597,"accuracy_train":0.42375,"loss_val":0.20620339855676867,"accuracy_val":0.37209302325581395,"_timestamp":1.728729068439378e+09}