{"_timestamp":1.728733201407595e+09,"_runtime":1.7179069999999999,"_step":99,"loss_train":0.36781039781027874,"accuracy_train":0.15552099533437014,"loss_val":0.4007568540920343,"accuracy_val":0.12558139534883722,"_wandb":{"runtime":1}}