{"_wandb":{"runtime":1},"_step":99,"mse_train":0.981407211775896,"mse_val":0.9820765132104821,"_timestamp":1.728734614699937e+09,"_runtime":1.109563}