{"_runtime":3.657929,"_wandb":{"runtime":3},"_step":99,"loss_train":NaN,"accuracy_train":0.6920684292379471,"loss_val":NaN,"accuracy_val":0.6674418604651163,"_timestamp":1.7287338898836029e+09}