{"accuracy_val":0.4127906976744186,"_timestamp":1.728729664428548e+09,"_runtime":1.954431,"_step":99,"loss_train":0.20583662679668022,"accuracy_train":0.4925,"loss_val":0.2069745024275391,"_wandb":{"runtime":1}}