{"_step":99,"loss_train":0.22250067495276044,"_wandb":{"runtime":2},"accuracy_train":0.28875,"loss_val":0.22254461968705327,"accuracy_val":0.2441860465116279,"_timestamp":1.728729633932993e+09,"_runtime":2.013492}