{"_timestamp":1.728735625660871e+09,"_runtime":1.281231,"_step":99,"mse_train":0.9999972611067958,"_wandb":{"runtime":1},"mse_val":0.9999981115460368}