{"_wandb":{"runtime":1},"loss_val":0.20403168841449296,"accuracy_val":0.45348837209302323,"_timestamp":1.728731307613046e+09,"_runtime":1.1186099999999999,"_step":99,"loss_train":0.2076205851517711,"accuracy_train":0.40625}