{"mse_train":NaN,"mse_val":NaN,"_timestamp":1.728735137339278e+09,"_runtime":1.7376779999999998,"_step":99,"_wandb":{"runtime":1}}