{"mse_val":0.9946187975674885,"_wandb":{"runtime":2},"_timestamp":1.728735178847733e+09,"_runtime":2.922616,"_step":99,"mse_train":0.9928293187000993}