{"_timestamp":1.728727517337325e+09,"_runtime":1.726594,"_step":99,"loss_train":0.19435902339828953,"accuracy_train":0.605,"loss_val":0.19493995597547062,"_wandb":{"runtime":1},"accuracy_val":0.5813953488372093}