{"_step":99,"loss_train":NaN,"accuracy_train":0.2892690513219285,"_wandb":{"runtime":1},"loss_val":NaN,"accuracy_val":0.27674418604651163,"_timestamp":1.7287316567521238e+09,"_runtime":1.6529289999999999}