{"_timestamp":1.7287345569887612e+09,"_runtime":1.675335,"_step":99,"_wandb":{"runtime":1},"loss_train":0.3155748879864128,"accuracy_train":0.05598755832037325,"loss_val":0.34394205927742677,"accuracy_val":0.04186046511627907}