{"loss_val":0.19711990504641866,"accuracy_val":0.5930232558139535,"_timestamp":1.728731221260355e+09,"_runtime":1.734474,"_step":99,"loss_train":0.19101023380129561,"_wandb":{"runtime":1},"accuracy_train":0.65125}