{"accuracy_train":0.13426645930533956,"loss_val":0.5251566008922327,"accuracy_val":0.12325581395348838,"_timestamp":1.728732138579744e+09,"_runtime":3.6746790000000003,"_step":99,"loss_train":0.3897789950685686,"_wandb":{"runtime":3}}