{"_step":99,"_wandb":{"runtime":1},"loss_train":0.1910845945915047,"accuracy_train":0.66125,"loss_val":0.19584243369826507,"accuracy_val":0.5465116279069767,"_timestamp":1.7287274800177238e+09,"_runtime":1.942866}