{"accuracy_val":0.1744186046511628,"_timestamp":1.7285491942217112e+09,"_runtime":18.075435,"_step":99,"loss_train":0.22894777213270126,"accuracy_train":0.185,"_wandb":{"runtime":18},"loss_val":0.24108595651936893}