{"mse_train":0.9628445208649177,"_wandb":{"runtime":1},"mse_val":0.9675013308107417,"_timestamp":1.7287373180807538e+09,"_runtime":1.193731,"_step":99}