{"_runtime":1.9473530000000001,"_step":99,"_wandb":{"runtime":1},"loss_train":0.18049544209814014,"accuracy_train":0.7275,"loss_val":0.19471945015240527,"accuracy_val":0.5406976744186046,"_timestamp":1.7287301031002119e+09}