{"mse_train":0.6239017635663098,"mse_val":0.5553048456555477,"_timestamp":1.728734905230804e+09,"_runtime":1.211753,"_step":99,"_wandb":{"runtime":1}}