{"_wandb":{"runtime":2},"loss_train":NaN,"accuracy_train":0.5878693623639192,"loss_val":NaN,"accuracy_val":0.5790697674418605,"_timestamp":1.728733866293509e+09,"_runtime":2.505424,"_step":99}