{"_timestamp":1.7287321961010292e+09,"_runtime":2.907203,"_step":99,"loss_train":NaN,"_wandb":{"runtime":2},"accuracy_train":0.12597200622083982,"loss_val":NaN,"accuracy_val":0.11162790697674418}