{"loss_train":NaN,"accuracy_train":0.45049248315189216,"_wandb":{"runtime":1},"loss_val":NaN,"accuracy_val":0.44883720930232557,"_timestamp":1.728731778149198e+09,"_runtime":1.159592,"_step":99}