{"mse_val":1.0211460303446829,"_timestamp":1.72873474112528e+09,"_wandb":{"runtime":1},"_runtime":1.4717259999999999,"_step":99,"mse_train":1.0030703847329159}