{"mse_val":1,"_timestamp":1.728737277761163e+09,"_runtime":1.533593,"_step":99,"_wandb":{"runtime":1},"mse_train":0.9999999999999999}