{"_step":99,"loss_train":0.1960426395026307,"accuracy_train":0.59,"loss_val":0.1987123071899786,"_wandb":{"runtime":1},"accuracy_val":0.5755813953488372,"_timestamp":1.7287310795096772e+09,"_runtime":1.620885}