{"_timestamp":1.728733579184768e+09,"_wandb":{"runtime":3},"_runtime":3.503712,"_step":99,"loss_train":NaN,"accuracy_train":0.9595645412130638,"loss_val":NaN,"accuracy_val":0.5651162790697675}