{"_wandb":{"runtime":1},"mse_train":0.45289388877148856,"mse_val":0.5127898988554652,"_timestamp":1.7287347896956742e+09,"_runtime":1.14752,"_step":99}