{"_runtime":1.6220050000000001,"_step":99,"loss_train":0.21347060423700207,"accuracy_train":0.49625,"loss_val":0.2134345485363873,"_wandb":{"runtime":1},"accuracy_val":0.46511627906976744,"_timestamp":1.728730899245225e+09}