{"_timestamp":1.72873399849488e+09,"_runtime":1.8467630000000002,"_wandb":{"runtime":1},"_step":99,"loss_train":0.29981810932061026,"accuracy_train":0.12960082944530846,"loss_val":0.3099869446069093,"accuracy_val":0.14186046511627906}