{"loss_train":0.17293669218141888,"accuracy_train":0.7975,"loss_val":0.19526294298247693,"accuracy_val":0.5348837209302325,"_timestamp":1.728731312968778e+09,"_runtime":1.81043,"_step":99,"_wandb":{"runtime":1}}