{"_step":99,"mse":1.2282585304842386,"rmse":1.1082682574558556,"r2":-0.22825853048264344,"_wandb":{"runtime":1},"_timestamp":1.728422251439143e+09,"_runtime":1.135087}