{"_wandb":{"runtime":3},"_step":99,"loss_train":0.36136907905508703,"accuracy_train":0,"loss_val":0.3766614180442313,"accuracy_val":0,"_timestamp":1.728732050335121e+09,"_runtime":3.19418}