{"_wandb":{"runtime":3},"_step":99,"loss_train":0.6084678868112258,"accuracy_train":0.6220839813374806,"loss_val":2.5568676448979457,"accuracy_val":0.3209302325581395,"_timestamp":1.7287330178939579e+09,"_runtime":3.339844}