{"loss_val":NaN,"accuracy_val":0.46744186046511627,"_timestamp":1.7287319401495402e+09,"_runtime":1.695099,"_step":99,"_wandb":{"runtime":1},"loss_train":NaN,"accuracy_train":0.6697770865733541}