{"_runtime":1.095419,"_wandb":{"runtime":1},"_step":99,"mse_train":0.9785593680004008,"mse_val":0.982349734962386,"_timestamp":1.728734759427661e+09}