{"accuracy_val":0.6104651162790697,"_timestamp":1.728730021308146e+09,"_runtime":1.965158,"_wandb":{"runtime":1},"_step":99,"loss_train":0.16368906136532146,"accuracy_train":0.84,"loss_val":0.18783876316797823}