{"_wandb":{"runtime":1},"loss_val":NaN,"accuracy_val":0.2302325581395349,"_timestamp":1.728734368136598e+09,"_runtime":1.5573519999999998,"_step":99,"loss_train":NaN,"accuracy_train":0.359253499222395}