{"mse_train":0.9999999999999999,"mse_val":1,"_timestamp":1.7287371290628061e+09,"_runtime":1.636808,"_step":99,"_wandb":{"runtime":1}}