{"mse_train":0.44405798732173646,"_wandb":{"runtime":2},"mse_val":0.5481928450003102,"_timestamp":1.728736381151417e+09,"_runtime":2.019388,"_step":99}