{"accuracy_train":0.57125,"loss_val":0.19877836483219752,"accuracy_val":0.5581395348837209,"_timestamp":1.728727282697587e+09,"_wandb":{"runtime":1},"_runtime":1.876954,"_step":99,"loss_train":0.1969445405069624}