{"_step":99,"loss_train":0.15398046679555102,"accuracy_train":0.97125,"loss_val":0.1954761808739144,"accuracy_val":0.5058139534883721,"_wandb":{"runtime":3},"_timestamp":1.728727565545234e+09,"_runtime":3.632884}