{"accuracy_val":0.046511627906976744,"_timestamp":1.72872717822159e+09,"_runtime":1.8019720000000001,"_step":99,"_wandb":{"runtime":1},"loss_train":0.22886963637171995,"accuracy_train":0.03875,"loss_val":0.22812870104443603}