{"_step":99,"loss_train":0.18211264477941783,"accuracy_train":0.6575,"loss_val":0.19552340115132902,"accuracy_val":0.4418604651162791,"_timestamp":1.728728509163875e+09,"_runtime":2.007672,"_wandb":{"runtime":2}}