{"_step":99,"_wandb":{"runtime":1},"loss_train":0.19704443366345098,"accuracy_train":0.59625,"loss_val":0.19780214136579657,"accuracy_val":0.5755813953488372,"_timestamp":1.7287299009620621e+09,"_runtime":1.768735}