{"_step":99,"_wandb":{"runtime":1},"loss_train":NaN,"accuracy_train":0.168481078278901,"loss_val":NaN,"accuracy_val":0.16046511627906976,"_timestamp":1.7287334688266282e+09,"_runtime":1.1622270000000001}