{"_step":99,"mse_train":0.6563486750765968,"mse_val":0.6152359766544521,"_wandb":{"runtime":1},"_timestamp":1.728735999100086e+09,"_runtime":1.086609}