{"mse_val":0.8417823817324621,"_timestamp":1.7287362269342752e+09,"_wandb":{"runtime":1},"_runtime":1.198799,"_step":99,"mse_train":0.8241058693108769}