{"_timestamp":1.728736801508523e+09,"_wandb":{"runtime":1},"_runtime":1.440618,"_step":99,"mse_train":0.8320706748800826,"mse_val":0.8769973143223192}