{"_runtime":1.514827,"_wandb":{"runtime":1},"_step":99,"mse_train":0.9553561600000394,"mse_val":0.9959644238826879,"_timestamp":1.72873653651565e+09}