{"_step":99,"loss_train":0.32255338133871714,"accuracy_train":0.43182996371176774,"loss_val":0.7506174287050498,"_wandb":{"runtime":2},"accuracy_val":0.2813953488372093,"_timestamp":1.728733600888124e+09,"_runtime":2.46331}