{"_runtime":5.284258,"_step":99,"loss_train":0.3200202677844579,"accuracy_train":0.3188180404354588,"_wandb":{"runtime":5},"loss_val":0.547742292197669,"accuracy_val":0.1511627906976744,"_timestamp":1.728732166061064e+09}