{"_runtime":1.194919,"_wandb":{"runtime":1},"_step":99,"mse_train":0.6760321718494738,"mse_val":0.6700623408796418,"_timestamp":1.728734751354593e+09}