{"loss_val":0.1960021967895945,"accuracy_val":0.563953488372093,"_timestamp":1.728729958681646e+09,"_runtime":2.032247,"_step":99,"loss_train":0.1923905337625978,"_wandb":{"runtime":2},"accuracy_train":0.62875}