{"accuracy_val":0.12209302325581395,"_wandb":{"runtime":1},"_timestamp":1.72873014250392e+09,"_runtime":1.898757,"_step":99,"loss_train":0.22737056951866896,"accuracy_train":0.1975,"loss_val":0.24085564230648052}