{"_step":99,"loss_train":0.3933161544340524,"accuracy_train":0.10471747019180923,"_wandb":{"runtime":3},"loss_val":0.6508561859198599,"accuracy_val":0.05116279069767442,"_timestamp":1.7287318431562722e+09,"_runtime":3.215255}