{"_timestamp":1.7287370884023669e+09,"_runtime":1.313882,"_step":99,"_wandb":{"runtime":1},"mse_train":0.45075376509196236,"mse_val":0.4415664451587383}