{"_timestamp":1.728737190637551e+09,"_runtime":1.3167710000000001,"_step":99,"_wandb":{"runtime":1},"mse_train":0.6175202196711754,"mse_val":0.6524089745442802}