{"_wandb":{"runtime":1},"loss_train":0.21333955237799937,"accuracy_train":0.42375,"loss_val":0.213753823902397,"accuracy_val":0.37209302325581395,"_timestamp":1.72872714991216e+09,"_runtime":1.898829,"_step":99}