{"_step":99,"_wandb":{"runtime":1},"loss_train":0.1893385324015173,"accuracy_train":0.675,"loss_val":0.19715228458887368,"accuracy_val":0.5523255813953488,"_timestamp":1.728731216435505e+09,"_runtime":1.736589}