{"loss_train":0.446558457208573,"_wandb":{"runtime":38},"accuracy_train":0.09,"loss_val":0.44375759594633835,"accuracy_val":0.14534883720930233,"_timestamp":1.728549237223646e+09,"_runtime":38.039817,"_step":99}