{"_timestamp":1.728737050116761e+09,"_runtime":1.668671,"_wandb":{"runtime":1},"_step":99,"mse_train":0.9812797466422541,"mse_val":0.985346021167644}