{"loss_val":0.193097310191335,"accuracy_val":0.5523255813953488,"_timestamp":1.728729970613922e+09,"_runtime":3.261879,"_step":99,"loss_train":0.15694882469254962,"accuracy_train":0.97625,"_wandb":{"runtime":3}}