{"accuracy_train":0.2524624157594609,"loss_val":1.2127007761766342,"accuracy_val":0.2558139534883721,"_timestamp":1.728731541980901e+09,"_runtime":1.83337,"_step":99,"loss_train":1.105813204579481,"_wandb":{"runtime":1}}