{"loss_train":0.2304269011448719,"accuracy_train":0.00625,"loss_val":0.23165515338233797,"accuracy_val":0,"_timestamp":1.728730879230315e+09,"_runtime":1.80172,"_step":99,"_wandb":{"runtime":1}}