{"mse_train":0.6406130521238391,"mse_val":0.7086323215169094,"_timestamp":1.728734691700783e+09,"_runtime":1.079063,"_step":99,"_wandb":{"runtime":1}}