{"_timestamp":1.7287333712703402e+09,"_runtime":2.394184,"_step":99,"loss_train":0.35333718563874594,"accuracy_train":0,"loss_val":0.3664084774465183,"accuracy_val":0,"_wandb":{"runtime":2}}