{"accuracy_val":0.12093023255813953,"_timestamp":1.7287330414460008e+09,"_runtime":1.808418,"_step":99,"_wandb":{"runtime":1},"loss_train":NaN,"accuracy_train":0.11871435977190253,"loss_val":0.38138722064032254}