{"_step":99,"mse_train":1.2038519339276248,"mse_val":1.2106876130540412,"_timestamp":1.7287369209261289e+09,"_runtime":1.260466,"_wandb":{"runtime":1}}