{"_step":99,"mse_train":NaN,"mse_val":NaN,"_timestamp":1.728737434225059e+09,"_runtime":1.4235280000000001,"_wandb":{"runtime":1}}