{"loss_val":0.2057361875205688,"accuracy_val":0.3488372093023256,"_wandb":{"runtime":1},"_timestamp":1.7287309357028968e+09,"_runtime":1.721053,"_step":99,"loss_train":0.2051141199613365,"accuracy_train":0.38375}