{"_runtime":1.656724,"_wandb":{"runtime":1},"_step":99,"loss_train":0.2090080000906256,"accuracy_train":0.27625,"loss_val":0.21102436048503312,"accuracy_val":0.2616279069767442,"_timestamp":1.728730940286751e+09}