{"_runtime":1.295197,"_step":99,"_wandb":{"runtime":1},"mse_train":0.9876910455750736,"mse_val":0.9876801235773001,"_timestamp":1.728736985795949e+09}