{"_timestamp":1.728736012018228e+09,"_runtime":1.06188,"_step":99,"_wandb":{"runtime":1},"mse_train":0.6592449417927719,"mse_val":0.8156486653483599}