{"accuracy_train":0,"loss_val":0.3950743606309261,"accuracy_val":0,"_wandb":{"runtime":5},"_timestamp":1.728732529640449e+09,"_runtime":5.241965,"_step":99,"loss_train":0.3841840929062656}