{"_step":99,"loss_train":0.1941517861121658,"accuracy_train":0.60125,"_wandb":{"runtime":1},"loss_val":0.19522800037327906,"accuracy_val":0.5872093023255814,"_timestamp":1.7287299199144268e+09,"_runtime":1.857067}