{"loss_val":0.2013982468436876,"accuracy_val":0.563953488372093,"_timestamp":1.728731114740132e+09,"_runtime":2.137744,"_step":99,"loss_train":0.19889790006910443,"_wandb":{"runtime":2},"accuracy_train":0.5825}