{"loss_val":0.38010164331484236,"accuracy_val":0,"_timestamp":1.728734131187437e+09,"_runtime":1.600469,"_step":99,"_wandb":{"runtime":1},"loss_train":0.3628651122935538,"accuracy_train":0}