{"_runtime":1.346633,"_step":99,"_wandb":{"runtime":1},"loss_train":0.21277255134176762,"accuracy_train":0.42375,"loss_val":0.21327792772389614,"accuracy_val":0.37209302325581395,"_timestamp":1.728731023565584e+09}