{"accuracy_val":0.17209302325581396,"_timestamp":1.728734053554411e+09,"_runtime":1.826994,"_step":99,"_wandb":{"runtime":1},"loss_train":0.5402846946656359,"accuracy_train":0.16329704510108864,"loss_val":0.7471773835107323}