{"_runtime":1.7945470000000001,"_step":99,"_wandb":{"runtime":1},"mse_train":0.9741368943027022,"mse_val":0.9491311893687678,"_timestamp":1.72873569505553e+09}