{"mse_train":0.2761487576784241,"mse_val":0.31634930912485054,"_wandb":{"runtime":1},"_timestamp":1.728735905673301e+09,"_runtime":1.241673,"_step":99}