{"_wandb":{"runtime":1},"mse_train":0.6683751437169487,"mse_val":0.6626470251379373,"_timestamp":1.728735887746656e+09,"_runtime":1.585496,"_step":99}