{"accuracy_train":0.67125,"_wandb":{"runtime":1},"loss_val":0.1951331269127154,"accuracy_val":0.5348837209302325,"_timestamp":1.728728270809178e+09,"_runtime":1.991527,"_step":99,"loss_train":0.1873947226228745}