{"loss_train":0.1979308750080748,"accuracy_train":0.50875,"loss_val":0.20241981426943592,"_wandb":{"runtime":1},"accuracy_val":0.42441860465116277,"_timestamp":1.728731400265459e+09,"_runtime":1.767938,"_step":99}