{"_timestamp":1.72873707414623e+09,"_runtime":1.24333,"_step":99,"_wandb":{"runtime":1},"mse_train":0.421995521276179,"mse_val":0.45599668641478824}