{"mse_val":NaN,"_wandb":{"runtime":1},"_timestamp":1.728736852217601e+09,"_runtime":1.6221079999999999,"_step":99,"mse_train":NaN}