{"loss_train":0.36116859267197476,"accuracy_train":0.01347848626231208,"loss_val":0.43564539188495566,"_wandb":{"runtime":2},"accuracy_val":0.013953488372093023,"_timestamp":1.7287338955683358e+09,"_runtime":2.4858890000000002,"_step":99}