{"loss_train":0.36601897483537665,"_wandb":{"runtime":1},"accuracy_train":0,"loss_val":0.3817451455809024,"accuracy_val":0,"_timestamp":1.728734318932894e+09,"_runtime":1.933378,"_step":99}