{"accuracy_train":0.02177293934681182,"_wandb":{"runtime":1},"loss_val":0.3670649427010392,"accuracy_val":0.009302325581395349,"_timestamp":1.72873434359654e+09,"_runtime":1.5571760000000001,"_step":99,"loss_train":0.3505023666968091}