{"_step":99,"_wandb":{"runtime":1},"mse_train":0.2804763817767848,"mse_val":0.3132796178542818,"_timestamp":1.7287348341977658e+09,"_runtime":1.122972}