{"accuracy_val":0.5523255813953488,"_timestamp":1.728727606683071e+09,"_runtime":1.891368,"_step":99,"loss_train":0.19336627188434416,"accuracy_train":0.63875,"loss_val":0.19754443247057232,"_wandb":{"runtime":1}}