{"accuracy_train":0.57875,"loss_val":0.196609002356086,"accuracy_val":0.5813953488372093,"_timestamp":1.728727263779629e+09,"_wandb":{"runtime":3},"_runtime":3.606997,"_step":99,"loss_train":0.19598315328165747}