{"accuracy_train":0.3048211508553655,"_wandb":{"runtime":2},"loss_val":NaN,"accuracy_val":0.22790697674418606,"_timestamp":1.728733400644332e+09,"_runtime":2.2629,"_step":99,"loss_train":NaN}