{"loss_val":0.380543902819405,"_wandb":{"runtime":1},"accuracy_val":0.06046511627906977,"_timestamp":1.728731585411062e+09,"_runtime":1.616479,"_step":99,"loss_train":0.3613484059544453,"accuracy_train":0.06272680145152928}