{"loss_val":0.5245042927017626,"accuracy_val":0.21627906976744185,"_timestamp":1.728731558292425e+09,"_runtime":3.185015,"_step":99,"loss_train":0.2883446271791372,"accuracy_train":0.4131674442716433,"_wandb":{"runtime":3}}