{"loss_val":0.4037420559046481,"accuracy_val":0.05813953488372093,"_timestamp":1.728733022553416e+09,"_wandb":{"runtime":1},"_runtime":1.582279,"_step":99,"loss_train":0.38011454671301076,"accuracy_train":0.04821150855365474}