{"accuracy_train":0.45375,"loss_val":0.20922122741932106,"accuracy_val":0.47674418604651164,"_wandb":{"runtime":3},"_timestamp":1.728729138157114e+09,"_runtime":3.884163,"_step":99,"loss_train":0.20872105386267095}