{"_wandb":{"runtime":1},"loss_val":2.886195574670411,"accuracy_val":0.27906976744186046,"_timestamp":1.728734068669537e+09,"_runtime":1.817221,"_step":99,"loss_train":2.9010421636457933,"accuracy_train":0.24261275272161742}