{"_wandb":{"runtime":1},"mse_train":0.3424285553585513,"mse_val":0.4879987474827298,"_timestamp":1.728735365577489e+09,"_runtime":1.91521,"_step":99}