{"_wandb":{"runtime":1},"mse_train":NaN,"mse_val":NaN,"_timestamp":1.728736708981052e+09,"_runtime":1.5227089999999999,"_step":99}