{"loss_val":1.3045382994327037,"_wandb":{"runtime":2},"accuracy_val":0.3627906976744186,"_timestamp":1.7287337609848478e+09,"_runtime":2.470276,"_step":99,"loss_train":0.2026198539894046,"accuracy_train":0.7335406946604458}