{"_timestamp":1.728731768297565e+09,"_wandb":{"runtime":3},"_runtime":3.2755520000000002,"_step":99,"loss_train":0.20455125573177632,"accuracy_train":0.7019180922757906,"loss_val":0.5855879213793209,"accuracy_val":0.4418604651162791}