{"_wandb":{"runtime":1},"_runtime":1.3909799999999999,"_step":99,"mse_train":0.8265897489577392,"mse_val":0.908225736375089,"_timestamp":1.728736792328332e+09}