{"_step":99,"_wandb":{"runtime":3},"loss_train":0.183307255607466,"accuracy_train":0.67625,"loss_val":0.19754496755792175,"accuracy_val":0.5348837209302325,"_timestamp":1.7287276387766569e+09,"_runtime":3.460039}