{"_runtime":1.748769,"_wandb":{"runtime":1},"_step":99,"loss_train":0.19708279139653115,"accuracy_train":0.5525,"loss_val":0.19716889409015104,"accuracy_val":0.5523255813953488,"_timestamp":1.728727373060265e+09}