{"_wandb":{"runtime":3},"_runtime":3.264307,"_step":99,"mse_train":0.7571053656815799,"mse_val":0.7924949587614982,"_timestamp":1.7287354773890429e+09}