{"_timestamp":1.728733395421032e+09,"_runtime":2.463818,"_step":99,"loss_train":NaN,"accuracy_train":0.30793157076205285,"_wandb":{"runtime":2},"loss_val":NaN,"accuracy_val":0.24651162790697675}