{"_runtime":1.895572,"_step":99,"loss_train":NaN,"accuracy_train":0.1321928460342146,"loss_val":NaN,"accuracy_val":0.14186046511627906,"_timestamp":1.72873282623145e+09,"_wandb":{"runtime":1}}