{"accuracy_train":0.58125,"loss_val":0.19859439349016297,"accuracy_val":0.5465116279069767,"_timestamp":1.728729777323681e+09,"_runtime":2.756596,"_step":99,"_wandb":{"runtime":2},"loss_train":0.19806692247798582}