{"_wandb":{"runtime":1},"_runtime":1.343576,"_step":99,"mse_train":0.803972506658833,"mse_val":0.8338099635226915,"_timestamp":1.728736091086463e+09}