{"loss_train":0.19528439332183883,"accuracy_train":0.60875,"_wandb":{"runtime":1},"loss_val":0.19666800518341546,"accuracy_val":0.5755813953488372,"_timestamp":1.7287298026866329e+09,"_runtime":1.954123,"_step":99}