{"accuracy_train":0.29341627786417834,"loss_val":2.597852702481678,"accuracy_val":0.2534883720930233,"_timestamp":1.728731547424187e+09,"_runtime":1.847024,"_step":99,"_wandb":{"runtime":1},"loss_train":2.062029568400653}