{"loss_train":NaN,"accuracy_train":0.2534992223950233,"loss_val":NaN,"accuracy_val":0.2116279069767442,"_timestamp":1.7287320802295911e+09,"_runtime":3.073946,"_step":99,"_wandb":{"runtime":3}}