{"_step":99,"loss_train":0.18816446957396835,"accuracy_train":0.68625,"loss_val":0.1956683113642078,"_wandb":{"runtime":1},"accuracy_val":0.5116279069767442,"_timestamp":1.728731211722911e+09,"_runtime":1.734383}