{"_timestamp":1.7287362419248278e+09,"_runtime":1.521614,"_step":99,"_wandb":{"runtime":1},"mse_train":0.8077746899596089,"mse_val":0.9144321717503162}