{"_runtime":3.873456,"_step":99,"loss_train":0.20522636705859212,"_wandb":{"runtime":3},"accuracy_train":0.45,"loss_val":0.20555848675779864,"accuracy_val":0.38372093023255816,"_timestamp":1.728729337935571e+09}