{"_step":99,"loss_train":0.1816448067684903,"_wandb":{"runtime":2},"accuracy_train":0.69875,"loss_val":0.19591353219764038,"accuracy_val":0.5116279069767442,"_timestamp":1.728731263695916e+09,"_runtime":2.751755}