{"_wandb":{"runtime":1},"mse_val":0.45217293897663097,"_timestamp":1.7287366525112908e+09,"_runtime":1.4459819999999999,"_step":99,"mse_train":0.5012403796578921}