{"_timestamp":1.728736259708769e+09,"_runtime":1.194935,"_step":99,"_wandb":{"runtime":1},"mse_train":0.9999999999999999,"mse_val":1}