{"accuracy_val":0.45348837209302323,"_timestamp":1.728729245038134e+09,"_runtime":1.168029,"_step":99,"loss_train":0.20493443589263735,"accuracy_train":0.40625,"loss_val":0.20282074880581824,"_wandb":{"runtime":1}}