{"_wandb":{"runtime":4},"accuracy_val":0.22093023255813954,"_timestamp":1.728728930788806e+09,"_runtime":4.075137,"_step":99,"loss_train":0.2231116192060096,"accuracy_train":0.24375,"loss_val":0.22212779385131312}