{"accuracy_val":0.5465116279069767,"_timestamp":1.728729985397381e+09,"_runtime":2.144001,"_step":99,"loss_train":0.17014264661360784,"_wandb":{"runtime":2},"accuracy_train":0.8175,"loss_val":0.19225211352134722}