{"accuracy_train":0.2669777086573354,"loss_val":4.405591740132674,"accuracy_val":0.2651162790697674,"_wandb":{"runtime":1},"_timestamp":1.728732838700139e+09,"_runtime":1.8826969999999998,"_step":99,"loss_train":3.995100421843946}