{"loss_val":0.37339329295964757,"accuracy_val":0,"_timestamp":1.728732424562846e+09,"_wandb":{"runtime":3},"_runtime":3.122019,"_step":99,"loss_train":0.358407695481229,"accuracy_train":0}