{"_step":99,"mse_train":1.3414832707751012,"mse_val":1.2331004909872936,"_wandb":{"runtime":1},"_timestamp":1.728734709321016e+09,"_runtime":1.122247}