{"_runtime":3.185913,"_step":99,"_wandb":{"runtime":3},"loss_train":0.3197978016565891,"accuracy_train":0,"loss_val":0.3317462554506832,"accuracy_val":0,"_timestamp":1.728732217052042e+09}