{"loss_train":0.603475938403327,"accuracy_train":0.12182477967858994,"loss_val":0.6582660733931749,"_wandb":{"runtime":3},"accuracy_val":0.1558139534883721,"_timestamp":1.72873215146143e+09,"_runtime":3.445289,"_step":99}