{"loss_train":0.35546278316906815,"_wandb":{"runtime":2},"accuracy_train":0.06635562467599793,"loss_val":0.3756705588220808,"accuracy_val":0.06279069767441861,"_timestamp":1.728733818023485e+09,"_runtime":2.260618,"_step":99}