{"_wandb":{"runtime":1},"_runtime":1.8265099999999999,"_step":99,"loss_train":0.7110612140551638,"accuracy_train":0.15707620528771385,"loss_val":0.8328804617821658,"accuracy_val":0.14418604651162792,"_timestamp":1.7287340584162922e+09}