{"loss_train":0.36496379719812627,"accuracy_train":0.009849663037843442,"loss_val":0.38490158585586004,"_wandb":{"runtime":1},"accuracy_val":0.009302325581395349,"_timestamp":1.728732777163994e+09,"_runtime":1.7881939999999998,"_step":99}