{"_wandb":{"runtime":1},"mse_train":1.4683809204120735,"mse_val":1.5001580111941424,"_timestamp":1.728736934976668e+09,"_runtime":1.353678,"_step":99}