{"_runtime":1.617047,"_step":99,"loss_train":0.3660043864876546,"accuracy_train":0.05857957490927942,"loss_val":0.38858738925681136,"accuracy_val":0.06046511627906977,"_wandb":{"runtime":1},"_timestamp":1.728731580616353e+09}