{"_timestamp":1.7287338439540539e+09,"_runtime":2.384068,"_wandb":{"runtime":2},"_step":99,"loss_train":0.2972838299549348,"accuracy_train":0.34421980300673927,"loss_val":0.33863702397128786,"accuracy_val":0.28837209302325584}