{"_timestamp":1.728736356950287e+09,"_runtime":1.367171,"_step":99,"mse_train":0.4915768125746652,"_wandb":{"runtime":1},"mse_val":0.48210203833273957}