{"mse_train":1.0145997043919341,"mse_val":1.1633803788435715,"_timestamp":1.728735540770547e+09,"_runtime":2.677715,"_step":99,"_wandb":{"runtime":2}}