{"_wandb":{"runtime":1},"loss_train":0.2282692254932394,"accuracy_train":0.08625,"loss_val":0.22871416755557936,"accuracy_val":0.0872093023255814,"_timestamp":1.728730883490016e+09,"_runtime":1.0620560000000001,"_step":99}