{"_timestamp":1.7287371531116009e+09,"_runtime":1.276365,"_step":99,"_wandb":{"runtime":1},"mse_train":0.26775925856854793,"mse_val":0.3217199593775833}