{"mse_val":0.3168090189214291,"_wandb":{"runtime":1},"_timestamp":1.7287359010288079e+09,"_runtime":1.161662,"_step":99,"mse_train":0.27168151787419614}