{"_step":99,"loss_train":0.1796370234101502,"accuracy_train":0.71625,"loss_val":0.19415702205255977,"_wandb":{"runtime":1},"accuracy_val":0.5406976744186046,"_timestamp":1.728731390843937e+09,"_runtime":1.876745}