{"_runtime":2.463603,"_step":99,"loss_train":0.19547231416207422,"_wandb":{"runtime":2},"accuracy_train":0.58625,"loss_val":0.19653443756229227,"accuracy_val":0.5581395348837209,"_timestamp":1.728730384554517e+09}