{"loss_train":5.653368596372682,"accuracy_train":0.2375,"loss_val":5.70304915359942,"accuracy_val":0.20348837209302326,"_wandb":{"runtime":15},"_timestamp":1.728549975584553e+09,"_runtime":15.555202,"_step":99}