{"_wandb":{"runtime":1},"mse_train":0.7470891509793877,"mse_val":0.734098583494045,"_timestamp":1.728737360219105e+09,"_runtime":1.123083,"_step":99}