{"_wandb":{"runtime":1},"loss_train":NaN,"accuracy_train":0.23431829963711767,"loss_val":NaN,"accuracy_val":0.24883720930232558,"_timestamp":1.728734012496861e+09,"_runtime":1.241047,"_step":99}