{"_step":99,"_wandb":{"runtime":4},"loss_train":0.18238764465103868,"accuracy_train":0.76875,"loss_val":0.19570434109812862,"accuracy_val":0.5406976744186046,"_timestamp":1.728729149938516e+09,"_runtime":4.043848}