{"accuracy_val":0.06279069767441861,"_timestamp":1.7287328952222168e+09,"_runtime":1.691908,"_step":99,"_wandb":{"runtime":1},"loss_train":0.3682492827220403,"accuracy_train":0.05598755832037325,"loss_val":0.38932797252355783}