{"loss_train":0.2125141462713622,"accuracy_train":0.37875,"loss_val":0.2204457788747749,"accuracy_val":0.313953488372093,"_timestamp":1.728727601814347e+09,"_runtime":3.447395,"_wandb":{"runtime":3},"_step":99}