{"_wandb":{"runtime":1},"loss_train":0.1969112656609773,"accuracy_train":0.58375,"loss_val":0.1972466000318753,"accuracy_val":0.5697674418604651,"_timestamp":1.7287273952517629e+09,"_runtime":1.9403890000000001,"_step":99}