{"_wandb":{"runtime":1},"mse_train":0.6967065057037423,"mse_val":0.7292539910178834,"_timestamp":1.728737337054604e+09,"_runtime":1.159509,"_step":99}