{"_runtime":2.9493270000000003,"_step":99,"loss_train":0.18833016813841277,"accuracy_train":0.69,"loss_val":0.19566013218041953,"accuracy_val":0.5523255813953488,"_timestamp":1.7287310516294138e+09,"_wandb":{"runtime":2}}