{"_wandb":{"runtime":4},"accuracy_train":0.9263867288750648,"loss_val":NaN,"accuracy_val":0.4697674418604651,"_timestamp":1.728732301106818e+09,"_runtime":4.847813,"_step":99,"loss_train":NaN}