{"_step":99,"_wandb":{"runtime":1},"loss_train":0.19343548192622761,"accuracy_train":0.61375,"loss_val":0.19626873264547712,"accuracy_val":0.563953488372093,"_timestamp":1.7287274850934248e+09,"_runtime":1.958268}