{"_step":99,"loss_train":0.34133937002976844,"_wandb":{"runtime":1},"accuracy_train":0.06998444790046657,"loss_val":0.3603346169276788,"accuracy_val":0.08139534883720931,"_timestamp":1.728731756758594e+09,"_runtime":1.712078}