{"accuracy_val":0.10697674418604651,"_timestamp":1.728731721660126e+09,"_runtime":1.6250559999999998,"_step":99,"loss_train":NaN,"accuracy_train":0.10730948678071539,"_wandb":{"runtime":1},"loss_val":0.3764533418236761}