{"_wandb":{"runtime":1},"_timestamp":1.728734651486368e+09,"_runtime":1.255625,"_step":99,"mse_train":0.43043967714834175,"mse_val":0.4699193508019228}