{"mse_val":0.7398439420982971,"_timestamp":1.728735621981258e+09,"_runtime":1.76359,"_wandb":{"runtime":1},"_step":99,"mse_train":0.7297908579786101}