{"accuracy_train":0.15292897874546396,"loss_val":0.37132035810320074,"accuracy_val":0.11395348837209303,"_timestamp":1.728734074511039e+09,"_wandb":{"runtime":2},"_runtime":2.549928,"_step":99,"loss_train":0.3310262046502445}