{"_step":99,"_wandb":{"runtime":1},"mse_train":1.211735927265112,"mse_val":1.2213353187501754,"_timestamp":1.7287369017124531e+09,"_runtime":1.262463}