{"loss_train":0.2240100427813539,"accuracy_train":0.09875,"loss_val":0.23952460693724212,"_wandb":{"runtime":2},"accuracy_val":0.11627906976744186,"_timestamp":1.728730786974903e+09,"_runtime":2.478143,"_step":99}