{"_wandb":{"runtime":1},"loss_train":0.35087124856113067,"accuracy_train":0.0782789009849663,"loss_val":0.4258003573531053,"accuracy_val":0.030232558139534883,"_timestamp":1.7287342569025679e+09,"_runtime":1.800362,"_step":99}