{"accuracy_train":0,"loss_val":8.250929916561997,"_wandb":{"runtime":1},"accuracy_val":0,"_timestamp":1.728734534539417e+09,"_runtime":1.214137,"_step":99,"loss_train":7.931583293545561}