{"_wandb":{"runtime":1},"_timestamp":1.728735910059978e+09,"_runtime":1.151885,"_step":99,"mse_train":0.27002978303113645,"mse_val":0.3171708151766364}