{"_runtime":2.284654,"_step":99,"_wandb":{"runtime":2},"mse_train":0.6170596922862205,"mse_val":0.691200140187194,"_timestamp":1.728736196764155e+09}