{"_timestamp":1.728736442233258e+09,"_runtime":1.576689,"_step":99,"mse_train":0.27522118628750997,"_wandb":{"runtime":1},"mse_val":0.31519352996307004}