{"_wandb":{"runtime":1},"_timestamp":1.728734799155853e+09,"_runtime":1.732462,"_step":99,"mse_train":0.5031908608355378,"mse_val":0.6419207977749739}