{"_step":99,"loss_train":0.18260475795634237,"accuracy_train":0.73625,"loss_val":0.19411922347659485,"_wandb":{"runtime":2},"accuracy_val":0.563953488372093,"_timestamp":1.728730627069416e+09,"_runtime":2.468269}