{"_runtime":1.622725,"_wandb":{"runtime":1},"_step":99,"mse_train":0.971798015386347,"mse_val":0.9778314820509382,"_timestamp":1.72873649254723e+09}