{"accuracy_train":0.1933644375324002,"loss_val":0.3628408482895009,"accuracy_val":0.2116279069767442,"_timestamp":1.728732915741615e+09,"_wandb":{"runtime":1},"_runtime":1.571467,"_step":99,"loss_train":0.34444134293603407}