{"accuracy_val":0.046511627906976744,"_timestamp":1.728727225832612e+09,"_runtime":1.85067,"_step":99,"loss_train":0.22886963637171995,"accuracy_train":0.03875,"loss_val":0.22812870104443603,"_wandb":{"runtime":1}}