{"loss_train":NaN,"accuracy_train":0.1643338517366511,"loss_val":NaN,"_wandb":{"runtime":1},"accuracy_val":0.1697674418604651,"_timestamp":1.728731717101697e+09,"_runtime":1.626476,"_step":99}