{"loss_val":0.20723953149935118,"accuracy_val":0.45348837209302323,"_timestamp":1.728729342431617e+09,"_runtime":2.087296,"_step":99,"_wandb":{"runtime":2},"loss_train":0.20777440219149346,"accuracy_train":0.40625}