{"_wandb":{"runtime":3},"accuracy_val":0.5348837209302325,"_timestamp":1.728731190974423e+09,"_runtime":3.04715,"_step":99,"loss_train":0.17079862355678815,"accuracy_train":0.8275,"loss_val":0.19599164195203006}