{"accuracy_val":0.1511627906976744,"_timestamp":1.728734491775624e+09,"_runtime":2.831891,"_step":99,"loss_train":0.4333432682949703,"accuracy_train":0.16640746500777606,"loss_val":0.5007680735744322,"_wandb":{"runtime":2}}