{"loss_val":0.2030589541308743,"accuracy_val":0.5697674418604651,"_timestamp":1.728727400086668e+09,"_runtime":1.811812,"_step":99,"_wandb":{"runtime":1},"loss_train":0.20270415967130162,"accuracy_train":0.58125}