{"_wandb":{"runtime":1},"_runtime":1.137686,"_step":99,"mse_train":0.6893306009422983,"mse_val":0.719813875217343,"_timestamp":1.728737332168822e+09}