{"loss_val":NaN,"accuracy_val":0.2069767441860465,"_timestamp":1.728731514670951e+09,"_wandb":{"runtime":1},"_runtime":1.6487829999999999,"_step":99,"loss_train":NaN,"accuracy_train":0.21721099015033696}