{"_wandb":{"runtime":2},"accuracy_val":0.48255813953488375,"_timestamp":1.728730295969335e+09,"_runtime":2.3713509999999998,"_step":99,"loss_train":0.19875996140427277,"accuracy_train":0.53375,"loss_val":0.2008390444656482}