{"accuracy_val":0.29069767441860467,"_timestamp":1.728732501707935e+09,"_runtime":3.707144,"_step":99,"loss_train":0.2625924935474628,"accuracy_train":0.5723172628304821,"_wandb":{"runtime":3},"loss_val":1.2912563136262207}