{"loss_train":0.1833606710663459,"accuracy_train":0.73875,"loss_val":0.19611747359291412,"_wandb":{"runtime":1},"accuracy_val":0.5697674418604651,"_timestamp":1.728727589954892e+09,"_runtime":1.9030200000000002,"_step":99}