{"loss_val":0.1963875154658304,"accuracy_val":0.5058139534883721,"_timestamp":1.728730290063723e+09,"_runtime":2.57616,"_step":99,"loss_train":0.19530677702066696,"_wandb":{"runtime":2},"accuracy_train":0.57}