{"mse_val":0.6629930755428818,"_timestamp":1.7287367750873768e+09,"_runtime":1.40971,"_step":99,"mse_train":0.6406975719959869,"_wandb":{"runtime":1}}