{"loss_train":0.19378786707458454,"_wandb":{"runtime":3},"accuracy_train":0.62,"loss_val":0.19656888439187048,"accuracy_val":0.5755813953488372,"_timestamp":1.728729670710345e+09,"_runtime":3.307571,"_step":99}