{"_wandb":{"runtime":1},"_step":99,"loss_train":0.3624251323341284,"accuracy_train":0,"loss_val":0.3767000506849606,"accuracy_val":0,"_timestamp":1.7287341998626292e+09,"_runtime":1.627243}