{"_wandb":{"runtime":1},"_step":99,"loss_train":0.18704587242541443,"accuracy_train":0.69625,"loss_val":0.1971740292649249,"accuracy_val":0.4941860465116279,"_timestamp":1.728729834192014e+09,"_runtime":1.884417}