{"loss_val":0.20926696771428108,"accuracy_val":0.3953488372093023,"_wandb":{"runtime":1},"_timestamp":1.7287271449975529e+09,"_runtime":1.906868,"_step":99,"loss_train":0.2092179562742637,"accuracy_train":0.41}