{"_step":99,"_wandb":{"runtime":1},"mse_train":0.643946279046335,"mse_val":0.6952521545836067,"_timestamp":1.728735022570993e+09,"_runtime":1.180521}