{"_wandb":{"runtime":2},"_step":99,"loss_train":NaN,"accuracy_train":0.7926386728875064,"loss_val":NaN,"accuracy_val":0.6046511627906976,"_timestamp":1.728733883260982e+09,"_runtime":2.536225}