{"loss_train":0.2056972652425141,"accuracy_train":0.34125,"loss_val":0.20776252686270433,"accuracy_val":0.37209302325581395,"_wandb":{"runtime":2},"_timestamp":1.7287313707641091e+09,"_runtime":2.575444,"_step":99}