{"_step":99,"mse_train":0.6985421392117644,"_wandb":{"runtime":1},"mse_val":0.8497746633159158,"_timestamp":1.7287370056092212e+09,"_runtime":1.4550830000000001}