{"_runtime":1.237894,"_step":99,"_wandb":{"runtime":1},"mse_train":0.7068349643765073,"mse_val":0.7992607335540376,"_timestamp":1.728734641798657e+09}