{"mse_val":0.9394012604135767,"_timestamp":1.728735690276841e+09,"_runtime":6.427584,"_step":99,"_wandb":{"runtime":6},"mse_train":0.8418826366205622}