{"accuracy_train":0.8055987558320373,"loss_val":2.1479922722015505,"accuracy_val":0.3558139534883721,"_timestamp":1.728733755603915e+09,"_runtime":2.504941,"_step":99,"_wandb":{"runtime":2},"loss_train":0.14959291859221935}