{"_wandb":{"runtime":2},"mse_train":0.42876666449024303,"mse_val":0.48111918254305314,"_timestamp":1.7287353433787909e+09,"_runtime":2.806974,"_step":99}