{"_step":99,"loss_train":0.18517717875211034,"_wandb":{"runtime":2},"accuracy_train":0.73125,"loss_val":0.19510255878593527,"accuracy_val":0.5697674418604651,"_timestamp":1.7287304489075232e+09,"_runtime":2.506905}