{"mse_val":NaN,"_timestamp":1.728737291591268e+09,"_wandb":{"runtime":2},"_runtime":2.7195549999999997,"_step":99,"mse_train":NaN}