{"_timestamp":1.728731793739528e+09,"_runtime":1.668408,"_step":99,"loss_train":NaN,"accuracy_train":0.5023328149300156,"loss_val":NaN,"accuracy_val":0.31627906976744186,"_wandb":{"runtime":1}}