{"_wandb":{"runtime":3},"_step":99,"loss_train":NaN,"accuracy_train":0.24157594608605495,"loss_val":NaN,"accuracy_val":0.1930232558139535,"_timestamp":1.728732293299694e+09,"_runtime":3.315416}