{"_runtime":1.179486,"_step":99,"mse_train":0.5706718700141477,"mse_val":0.7287542885340098,"_timestamp":1.7287360077365088e+09,"_wandb":{"runtime":1}}