{"loss_train":0.2063189469333114,"accuracy_train":0.3375,"loss_val":0.23790699423454062,"accuracy_val":0.18604651162790697,"_timestamp":1.728730137004415e+09,"_wandb":{"runtime":1},"_runtime":1.952646,"_step":99}