{"_step":99,"loss_train":0.2031112291784652,"accuracy_train":0.345,"loss_val":0.21079559753898747,"_wandb":{"runtime":1},"accuracy_val":0.31976744186046513,"_timestamp":1.728727574303158e+09,"_runtime":1.240779}