{"_step":99,"loss_train":0.1944921804490085,"accuracy_train":0.61,"loss_val":0.1962558714864508,"accuracy_val":0.6104651162790697,"_wandb":{"runtime":1},"_timestamp":1.728727552893852e+09,"_runtime":1.882437}