{"loss_val":0.38044057764021905,"accuracy_val":0,"_timestamp":1.72873223474469e+09,"_wandb":{"runtime":3},"_runtime":3.272636,"_step":99,"loss_train":0.36509827469029565,"accuracy_train":0}