{"_wandb":{"runtime":1},"accuracy_train":0.72,"loss_val":0.19760158362615032,"accuracy_val":0.5232558139534884,"_timestamp":1.7287301588326862e+09,"_runtime":1.920059,"_step":99,"loss_train":0.18561585878916673}