{"accuracy_val":0.35348837209302325,"_timestamp":1.728731900715926e+09,"_runtime":1.694034,"_step":99,"loss_train":0.2493304919360775,"_wandb":{"runtime":1},"accuracy_train":0.5645412130637636,"loss_val":0.40438029866617825}