{"loss_val":0.19334059084266947,"accuracy_val":0.5290697674418605,"_timestamp":1.7287300366042502e+09,"_runtime":1.9264700000000001,"_step":99,"_wandb":{"runtime":1},"loss_train":0.18141279630230714,"accuracy_train":0.6575}