{"_runtime":1.335496,"_step":99,"_wandb":{"runtime":1},"mse_train":0.2703947343930413,"mse_val":0.31301863728491325,"_timestamp":1.728736596360394e+09}