{"_step":99,"loss_train":0.3654974157174284,"accuracy_train":0.0705028512182478,"_wandb":{"runtime":2},"loss_val":0.468951734887385,"accuracy_val":0.06046511627906977,"_timestamp":1.728734547079222e+09,"_runtime":2.968694}