{"_wandb":{"runtime":2},"accuracy_val":0.5697674418604651,"_timestamp":1.7287303670273652e+09,"_runtime":2.423268,"_step":99,"loss_train":0.19494197474223376,"accuracy_train":0.61,"loss_val":0.19571223529970022}