{"_wandb":{"runtime":3},"loss_val":0.19553572371343622,"accuracy_val":0.5116279069767442,"_timestamp":1.728727417010942e+09,"_runtime":3.667768,"_step":99,"loss_train":0.1870122966062674,"accuracy_train":0.705}