{"_step":99,"_wandb":{"runtime":1},"loss_train":0.1947146749104075,"accuracy_train":0.5475,"loss_val":0.1970839004256171,"accuracy_val":0.5174418604651163,"_timestamp":1.728729942452321e+09,"_runtime":1.145076}