{"loss_train":1.74463134016284,"accuracy_train":0.3260756868843961,"loss_val":1.9780509035914937,"accuracy_val":0.3209302325581395,"_timestamp":1.7287334471429791e+09,"_runtime":2.535103,"_wandb":{"runtime":2},"_step":99}