{"_runtime":1.301001,"_step":99,"mse_train":0.777007267187614,"_wandb":{"runtime":1},"mse_val":0.6948541949530103,"_timestamp":1.728736143243482e+09}