{"_wandb":{"runtime":3},"loss_train":NaN,"accuracy_train":0.5007776049766719,"loss_val":NaN,"accuracy_val":0.27209302325581397,"_timestamp":1.728732272735538e+09,"_runtime":3.248239,"_step":99}