{"accuracy_train":0.6013478486262313,"loss_val":NaN,"accuracy_val":0.513953488372093,"_timestamp":1.728733261605346e+09,"_runtime":1.810949,"_wandb":{"runtime":1},"_step":99,"loss_train":NaN}