{"mse_val":0.3829497899190097,"_timestamp":1.72873713384029e+09,"_runtime":1.304594,"_step":99,"_wandb":{"runtime":1},"mse_train":0.39402277826633264}