{"_wandb":{"runtime":1},"mse_train":0.8041068413822218,"mse_val":0.7630204495156403,"_timestamp":1.728735647903766e+09,"_runtime":1.771968,"_step":99}