{"_wandb":{"runtime":1},"_runtime":1.867474,"_step":99,"loss_train":0.3658416956491593,"accuracy_train":0.041472265422498704,"loss_val":0.3781301162151061,"accuracy_val":0.04186046511627907,"_timestamp":1.7287327869517639e+09}