{"_wandb":{"runtime":3},"_step":99,"loss_train":0.35800529741643294,"accuracy_train":0.21721099015033696,"loss_val":0.6295963586604528,"accuracy_val":0.15348837209302327,"_timestamp":1.728733773581342e+09,"_runtime":3.702654}