{"mse_train":0.6224449252656891,"mse_val":0.6580337256499261,"_timestamp":1.7287364763109708e+09,"_runtime":1.472415,"_step":99,"_wandb":{"runtime":1}}