{"_runtime":1.254637,"_step":99,"loss_train":0.4861855000195744,"accuracy_train":0.06791083462934162,"loss_val":0.5634269805935588,"accuracy_val":0.06744186046511629,"_wandb":{"runtime":1},"_timestamp":1.7287337438139992e+09}