{"accuracy_val":0.2302325581395349,"_timestamp":1.728733561174127e+09,"_runtime":2.36121,"_step":99,"_wandb":{"runtime":2},"loss_train":NaN,"accuracy_train":0.3696215655780197,"loss_val":NaN}