{"accuracy_val":0.023255813953488372,"_timestamp":1.728728701768845e+09,"_runtime":34.865974,"_step":99,"loss_train":0.21616074930714183,"accuracy_train":0.0325,"loss_val":0.21693572547602372,"_wandb":{"runtime":34}}