{"mse_train":NaN,"mse_val":NaN,"_timestamp":1.728735000129097e+09,"_runtime":1.7386810000000001,"_step":99,"_wandb":{"runtime":1}}