{"loss_val":NaN,"accuracy_val":0.2,"_timestamp":1.7287324453976681e+09,"_runtime":3.072828,"_step":99,"loss_train":NaN,"accuracy_train":0.28408501814411613,"_wandb":{"runtime":3}}