{"mse_train":0.6315982930690008,"mse_val":0.6769836935848377,"_wandb":{"runtime":1},"_timestamp":1.7287366259022698e+09,"_runtime":1.5482909999999999,"_step":99}