{"_runtime":1.457522,"_step":99,"_wandb":{"runtime":1},"mse_train":0.35713461986021383,"mse_val":0.3942176350615633,"_timestamp":1.7287360345233228e+09}