{"_runtime":1.129136,"_step":99,"_wandb":{"runtime":1},"mse_train":1.0160261632671055,"mse_val":1.0166613770882444,"_timestamp":1.7287353090655339e+09}