{"_wandb":{"runtime":1},"_runtime":1.176156,"_step":99,"mse_train":1.4826375396151217,"mse_val":1.4855158224346985,"_timestamp":1.728735469657689e+09}