{"_runtime":1.180968,"_step":99,"mse_train":1.15197157977107,"mse_val":1.1551798005171583,"_wandb":{"runtime":1},"_timestamp":1.728734603171343e+09}