{"mse_train":1.0096094424248854,"mse_val":1.0090708513773803,"_timestamp":1.728735305464728e+09,"_runtime":1.869232,"_wandb":{"runtime":1},"_step":99}