{"_wandb":{"runtime":1},"mse_train":0.5091346973169648,"mse_val":0.5184065227712962,"_timestamp":1.728736663808531e+09,"_runtime":1.501468,"_step":99}