{"_runtime":5.202502,"_step":99,"loss_train":0.2656548132318001,"accuracy_train":0.6505961638154484,"_wandb":{"runtime":5},"loss_val":1.5496839080148788,"accuracy_val":0.34186046511627904,"_timestamp":1.7287323474742951e+09}