{"_runtime":1.233888,"_step":99,"_wandb":{"runtime":1},"mse_train":0.9999999999999999,"mse_val":1,"_timestamp":1.728736134342659e+09}