{"loss_val":0.3561406674861537,"accuracy_val":0.10465116279069768,"_timestamp":1.728731752153903e+09,"_runtime":1.705419,"_step":99,"_wandb":{"runtime":1},"loss_train":0.33377350906620196,"accuracy_train":0.10834629341627787}