{"_runtime":1.6709100000000001,"_step":99,"_wandb":{"runtime":1},"loss_train":0.22024691338395042,"accuracy_train":0.2075,"loss_val":0.22016715834011924,"accuracy_val":0.1744186046511628,"_timestamp":1.728727348492331e+09}