{"_runtime":1.143957,"_step":99,"mse_train":1.012831902691376,"mse_val":1.0102917401123541,"_wandb":{"runtime":1},"_timestamp":1.7287370364624598e+09}