{"mse_train":0.889474711301883,"mse_val":1.0179945163139927,"_timestamp":1.728736386459743e+09,"_runtime":1.433228,"_step":99,"_wandb":{"runtime":1}}