{"mse_train":0.3273877297327981,"mse_val":0.3561087223493793,"_timestamp":1.728736030065078e+09,"_runtime":1.14733,"_step":99,"_wandb":{"runtime":1}}