{"_runtime":1.245144,"_step":99,"_wandb":{"runtime":1},"mse_train":0.5073651419014218,"mse_val":0.5403773980457394,"_timestamp":1.728735982287406e+09}