{"mse_train":0.40151953886378133,"mse_val":0.44301722725817094,"_timestamp":1.728737023902216e+09,"_runtime":1.217513,"_step":99,"_wandb":{"runtime":1}}