{"loss_val":0.20718995912333166,"accuracy_val":0.4883720930232558,"_timestamp":1.728727139810441e+09,"_runtime":1.9867409999999999,"_step":99,"loss_train":0.20725217859457126,"_wandb":{"runtime":1},"accuracy_train":0.47125}