{"_timestamp":1.728733645666076e+09,"_runtime":2.133313,"_step":99,"_wandb":{"runtime":2},"loss_train":NaN,"accuracy_train":0.14152410575427682,"loss_val":NaN,"accuracy_val":0.1558139534883721}