{"accuracy_train":0.04872991187143598,"loss_val":0.4472896463722982,"accuracy_val":0.05581395348837209,"_timestamp":1.728731955381118e+09,"_runtime":1.8504960000000001,"_step":99,"_wandb":{"runtime":1},"loss_train":0.35461207664770666}