{"_runtime":1.282024,"_step":99,"_wandb":{"runtime":1},"mse_train":0.8200444531377665,"mse_val":0.9307143538084743,"_timestamp":1.728736025433955e+09}