{"mse_train":0.6654911175951994,"mse_val":0.8008397087891106,"_timestamp":1.7287352668144221e+09,"_runtime":1.23236,"_step":99,"_wandb":{"runtime":1}}