{"loss_val":NaN,"accuracy_val":0.5093023255813953,"_timestamp":1.7287331036648262e+09,"_runtime":1.852194,"_step":99,"_wandb":{"runtime":1},"loss_train":NaN,"accuracy_train":0.7729393468118196}