{"accuracy_val":0.5523255813953488,"_timestamp":1.728729820185535e+09,"_runtime":3.290968,"_step":99,"loss_train":0.18327599744429682,"_wandb":{"runtime":3},"accuracy_train":0.73125,"loss_val":0.19433997552707574}