{"_timestamp":1.7287369444228108e+09,"_runtime":1.197606,"_wandb":{"runtime":1},"_step":99,"mse_train":0.5243359601312529,"mse_val":0.5568371049488491}