{"_step":99,"loss_train":0.36034899324809927,"accuracy_train":0,"loss_val":0.3755242007232682,"accuracy_val":0,"_wandb":{"runtime":1},"_timestamp":1.72873159579257e+09,"_runtime":1.656542}