{"loss_val":0.1917136661086548,"accuracy_val":0.5465116279069767,"_timestamp":1.728729366208744e+09,"_runtime":3.831884,"_step":99,"loss_train":0.17157171141321975,"_wandb":{"runtime":3},"accuracy_train":0.86}