{"mse_val":0.9489856687748962,"_timestamp":1.728736487097674e+09,"_runtime":1.5570300000000001,"_wandb":{"runtime":1},"_step":99,"mse_train":0.9206572723568789}