{"_step":99,"loss_train":0.3671693902465574,"accuracy_train":0,"loss_val":0.38161126371824805,"accuracy_val":0,"_timestamp":1.728731458654678e+09,"_wandb":{"runtime":1},"_runtime":1.792462}