{"_timestamp":1.7287365119642859e+09,"_runtime":1.753278,"_step":99,"mse_train":0.7491513482671275,"mse_val":0.7777203332331367,"_wandb":{"runtime":1}}