{"mse_train":0.668973505629548,"mse_val":0.701219287922141,"_timestamp":1.728736769664573e+09,"_runtime":1.662434,"_step":99,"_wandb":{"runtime":1}}