{"loss_val":0.195929135467246,"accuracy_val":0.5348837209302325,"_timestamp":1.728728975461419e+09,"_runtime":5.917916,"_step":99,"_wandb":{"runtime":5},"loss_train":0.18115576800216218,"accuracy_train":0.72}