{"accuracy_train":0,"_wandb":{"runtime":3},"loss_val":0.3564553749816154,"accuracy_val":0,"_timestamp":1.728732056404426e+09,"_runtime":3.068656,"_step":99,"loss_train":0.34279333543182583}