{"_step":99,"mse_train":0.8360377605149509,"mse_val":0.9607287473819244,"_timestamp":1.728735053460263e+09,"_runtime":1.207497,"_wandb":{"runtime":1}}