{"accuracy_val":0.47674418604651164,"_timestamp":1.728730438939757e+09,"_runtime":2.377476,"_step":99,"loss_train":0.20296780396150768,"accuracy_train":0.495,"loss_val":0.20256150103559317,"_wandb":{"runtime":2}}