{"accuracy_train":0.25125,"_wandb":{"runtime":1},"loss_val":0.21907878242674242,"accuracy_val":0.2558139534883721,"_timestamp":1.728729751606473e+09,"_runtime":1.807193,"_step":99,"loss_train":0.22142023042690542}