{"loss_train":0.31381566565271074,"accuracy_train":0.27527216174183516,"loss_val":0.5677213526781647,"accuracy_val":0.1325581395348837,"_timestamp":1.7287323189238532e+09,"_runtime":3.725447,"_step":99,"_wandb":{"runtime":3}}