{"_timestamp":1.728734515773335e+09,"_runtime":1.5628959999999998,"_step":99,"loss_train":NaN,"accuracy_train":0.5303265940902022,"loss_val":NaN,"accuracy_val":0.42093023255813955,"_wandb":{"runtime":1}}