{"accuracy_train":0.27423535510627267,"_wandb":{"runtime":1},"loss_val":2.529474508927856,"accuracy_val":0.26976744186046514,"_timestamp":1.728731552174195e+09,"_runtime":1.7760500000000001,"_step":99,"loss_train":2.2787799592591975}