{"loss_train":2.4537741582477572,"accuracy_train":0.21254536029030585,"loss_val":2.963210422967965,"accuracy_val":0.2302325581395349,"_timestamp":1.728731671428812e+09,"_runtime":1.422117,"_step":99,"_wandb":{"runtime":1}}