{"loss_val":0.21313466325977523,"accuracy_val":0.37209302325581395,"_timestamp":1.728729032193387e+09,"_runtime":3.601321,"_step":99,"_wandb":{"runtime":3},"loss_train":0.2127972360832769,"accuracy_train":0.42375}