{"accuracy_val":0.09767441860465116,"_timestamp":1.728734313837617e+09,"_runtime":2.242858,"_step":99,"loss_train":0.329471350964795,"accuracy_train":0.09175738724727839,"loss_val":0.3469607131492638,"_wandb":{"runtime":2}}