{"_timestamp":1.728733585123797e+09,"_runtime":2.54712,"_step":99,"loss_train":1.6957700182100806,"accuracy_train":0.3224468636599274,"loss_val":2.4429442554402963,"accuracy_val":0.313953488372093,"_wandb":{"runtime":2}}