{"accuracy_val":0,"_wandb":{"runtime":2},"_timestamp":1.728733365512825e+09,"_runtime":2.413952,"_step":99,"loss_train":0.36616872367500847,"accuracy_train":0,"loss_val":0.3804972778660774}