{"_wandb":{"runtime":2},"loss_train":0.1869284864581902,"accuracy_train":0.71,"loss_val":0.1964113236862954,"accuracy_val":0.5581395348837209,"_timestamp":1.728730500761832e+09,"_runtime":2.691522,"_step":99}