{"accuracy_train":0.595,"_wandb":{"runtime":1},"loss_val":0.19718659841623745,"accuracy_val":0.5755813953488372,"_timestamp":1.7287298083041458e+09,"_runtime":1.986892,"_step":99,"loss_train":0.19612888610485885}