{"loss_val":NaN,"accuracy_val":0.27209302325581397,"_timestamp":1.728732810234841e+09,"_runtime":1.760343,"_step":99,"_wandb":{"runtime":1},"loss_train":NaN,"accuracy_train":0.2954898911353033}