{"_wandb":{"runtime":2},"_timestamp":1.728733877643767e+09,"_runtime":2.490852,"_step":99,"loss_train":NaN,"accuracy_train":0.8206324520476931,"loss_val":NaN,"accuracy_val":0.6604651162790698}