{"mse_val":0.8364525394308846,"_timestamp":1.728735947510751e+09,"_runtime":1.144417,"_step":99,"mse_train":0.774900281687634,"_wandb":{"runtime":1}}