{"_timestamp":1.728735495118436e+09,"_runtime":1.777714,"_step":99,"_wandb":{"runtime":1},"mse_train":0.7984210721549689,"mse_val":0.8057210578482433}