{"_runtime":48.232652,"_step":99,"loss_train":0.0642450056180256,"accuracy_train":0.4125,"loss_val":0.06429647561557662,"accuracy_val":0.36046511627906974,"_wandb":{"runtime":48},"_timestamp":1.728549879606869e+09}