{"_runtime":1.960799,"_step":99,"_wandb":{"runtime":1},"mse_train":0.8296672616479904,"mse_val":0.809320840156439,"_timestamp":1.7287352247595751e+09}