{"_runtime":17.8237,"_step":99,"_wandb":{"runtime":17},"loss_train":0.15515821716446307,"accuracy_train":0.3175,"loss_val":0.15196752534858984,"accuracy_val":0.31976744186046513,"_timestamp":1.728549461937047e+09}