{"_wandb":{"runtime":15},"_step":99,"loss_train":8.007469128890296,"accuracy_train":0.1125,"loss_val":7.732980916825615,"accuracy_val":0.11046511627906977,"_timestamp":1.7285496753170109e+09,"_runtime":15.434897}