{"_wandb":{"runtime":1},"mse_train":0.31471311578486977,"mse_val":0.3498571819113789,"_timestamp":1.7287371443685162e+09,"_runtime":1.1847590000000001,"_step":99}