{"_wandb":{"runtime":1},"loss_val":0.20243922205913964,"accuracy_val":0.37209302325581395,"_timestamp":1.7287275369189289e+09,"_runtime":1.271881,"_step":99,"loss_train":0.20121180106584222,"accuracy_train":0.42375}