{"accuracy_train":0,"loss_val":0.37931471205067585,"accuracy_val":0,"_timestamp":1.728733663711265e+09,"_runtime":2.3357010000000002,"_step":99,"_wandb":{"runtime":2},"loss_train":0.3640179783565012}