{"_wandb":{"runtime":1},"mse_train":0.724623989296458,"mse_val":0.9181696941071157,"_timestamp":1.728736116704065e+09,"_runtime":1.6455229999999998,"_step":99}