{"_wandb":{"runtime":1},"loss_train":0.20471856516509365,"accuracy_train":0.49375,"loss_val":0.2051458804114494,"accuracy_val":0.45348837209302323,"_timestamp":1.7287274104025679e+09,"_runtime":1.788071,"_step":99}