{"_wandb":{"runtime":1},"accuracy_train":0.328149300155521,"loss_val":2.21306157344618,"accuracy_val":0.34186046511627904,"_timestamp":1.728732985296486e+09,"_runtime":1.798205,"_step":99,"loss_train":1.9081672066927522}