{"loss_train":0.15070970862774435,"accuracy_train":0.99,"loss_val":0.19109080304367923,"accuracy_val":0.5581395348837209,"_timestamp":1.728730594189298e+09,"_runtime":4.387746,"_step":99,"_wandb":{"runtime":4}}