{"loss_train":0.20549783769896965,"accuracy_train":0.51875,"loss_val":0.20560710688671133,"accuracy_val":0.5174418604651163,"_timestamp":1.728731159536831e+09,"_wandb":{"runtime":1},"_runtime":1.655077,"_step":99}