{"accuracy_val":0.5174418604651163,"_timestamp":1.7287312531222348e+09,"_runtime":1.803882,"_step":99,"loss_train":0.18608944441552186,"accuracy_train":0.7125,"loss_val":0.19584586017955818,"_wandb":{"runtime":1}}