{"loss_val":0.36541894109078876,"accuracy_val":0.20930232558139536,"_timestamp":1.72854960884129e+09,"_runtime":19.693239,"_step":99,"_wandb":{"runtime":19},"loss_train":0.38400907385762756,"accuracy_train":0.1725}