{"accuracy_train":0.165,"loss_val":0.22201822576104224,"accuracy_val":0.19767441860465115,"_wandb":{"runtime":2},"_timestamp":1.728730760314539e+09,"_runtime":2.362683,"_step":99,"loss_train":0.21841368888335286}