{"_runtime":1.860159,"_step":99,"loss_train":0.1953548796724333,"accuracy_train":0.60625,"loss_val":0.19614200763992443,"accuracy_val":0.5813953488372093,"_timestamp":1.728727357613423e+09,"_wandb":{"runtime":1}}