{"_step":99,"_wandb":{"runtime":1},"loss_train":0.5665497470488214,"accuracy_train":0.3727319854847071,"loss_val":0.5797487204361075,"accuracy_val":0.37209302325581395,"_timestamp":1.728733205087187e+09,"_runtime":1.152381}