{"_runtime":1.535015,"_wandb":{"runtime":1},"_step":99,"loss_train":NaN,"accuracy_train":0.2643856920684292,"loss_val":NaN,"accuracy_val":0.26046511627906976,"_timestamp":1.728734034135186e+09}