{"_step":99,"_wandb":{"runtime":3},"loss_train":0.3091127159503992,"accuracy_train":0.2161741835147745,"loss_val":0.3333810208027231,"accuracy_val":0.16511627906976745,"_timestamp":1.728733078047898e+09,"_runtime":3.07989}