{"loss_val":4.142650954450082,"accuracy_val":0.1883720930232558,"_timestamp":1.72873358941715e+09,"_runtime":1.262847,"_step":99,"_wandb":{"runtime":1},"loss_train":3.37620458712835,"accuracy_train":0.24261275272161742}