{"_step":99,"loss_train":0.19670982706614568,"accuracy_train":0.5875,"loss_val":0.2010882261987323,"accuracy_val":0.5058139534883721,"_wandb":{"runtime":2},"_timestamp":1.728727326630935e+09,"_runtime":2.121267}