{"accuracy_val":0.5174418604651163,"_wandb":{"runtime":2},"_timestamp":1.728730331332903e+09,"_runtime":2.680434,"_step":99,"loss_train":0.19399531123536196,"accuracy_train":0.59125,"loss_val":0.1985641501568607}