{"accuracy_val":0.5232558139534884,"_timestamp":1.728730472728719e+09,"_runtime":3.821431,"_step":99,"loss_train":0.1602112397685227,"accuracy_train":0.88875,"_wandb":{"runtime":3},"loss_val":0.19523142382614367}