{"loss_val":2.873221084572817,"_wandb":{"runtime":4},"accuracy_val":0.3511627906976744,"_timestamp":1.728733620668639e+09,"_runtime":4.179773,"_step":99,"loss_train":0.13623125985621287,"accuracy_train":0.8372213582166926}