{"_timestamp":1.72873152673936e+09,"_runtime":1.8297919999999999,"_step":99,"loss_train":4.532250038919639,"accuracy_train":0.23483670295489892,"_wandb":{"runtime":1},"loss_val":4.790818167432419,"accuracy_val":0.17674418604651163}