{"_runtime":4.808576,"_wandb":{"runtime":4},"_step":99,"loss_train":0.17878953985128615,"accuracy_train":0.71125,"loss_val":0.1920023876998105,"accuracy_val":0.5755813953488372,"_timestamp":1.728730755029126e+09}