{"_runtime":2.495631,"_step":99,"loss_train":0.669812229792229,"accuracy_train":0.328149300155521,"loss_val":0.8399697361688311,"accuracy_val":0.3023255813953488,"_wandb":{"runtime":2},"_timestamp":1.728733435802463e+09}