{"_step":99,"mse_train":0.7393972918066922,"_wandb":{"runtime":1},"mse_val":0.709394242017605,"_timestamp":1.728736100739097e+09,"_runtime":1.124298}