{"mse_val":0.8336351670500003,"_timestamp":1.7287359907698078e+09,"_runtime":1.154746,"_wandb":{"runtime":1},"_step":99,"mse_train":0.6966221843150894}