{"loss_val":0.19325854715662752,"accuracy_val":0.5872093023255814,"_timestamp":1.728730620938795e+09,"_runtime":2.398577,"_wandb":{"runtime":2},"_step":99,"loss_train":0.17577908208483467,"accuracy_train":0.78875}