{"loss_train":0.18600274134325895,"accuracy_train":0.6625,"loss_val":0.1945903338430975,"accuracy_val":0.5406976744186046,"_timestamp":1.728730108081812e+09,"_runtime":1.882681,"_step":99,"_wandb":{"runtime":1}}