{"loss_val":0.19649082944947854,"accuracy_val":0.5697674418604651,"_timestamp":1.728731134854958e+09,"_runtime":1.825785,"_step":99,"_wandb":{"runtime":1},"loss_train":0.195584976547292,"accuracy_train":0.59875}