{"accuracy_val":0.37790697674418605,"_timestamp":1.728727610135057e+09,"_runtime":1.373329,"_step":99,"_wandb":{"runtime":1},"loss_train":0.2080334758749297,"accuracy_train":0.39,"loss_val":0.20676117313341305}