{"_wandb":{"runtime":1},"loss_val":NaN,"accuracy_val":0.2534883720930233,"_timestamp":1.728732815095424e+09,"_runtime":1.840247,"_step":99,"loss_train":NaN,"accuracy_train":0.288232244686366}