{"_step":99,"loss_train":NaN,"_wandb":{"runtime":1},"accuracy_train":0.07465007776049767,"loss_val":0.3791151782273831,"accuracy_val":0.07441860465116279,"_timestamp":1.728731571501943e+09,"_runtime":1.694331}