{"_step":99,"_wandb":{"runtime":2},"loss_train":0.1775922043592828,"accuracy_train":0.7725,"loss_val":0.19387846097242317,"accuracy_val":0.5755813953488372,"_timestamp":1.7287300316211112e+09,"_runtime":2.06939}