{"accuracy_train":0.3131156039398652,"loss_val":NaN,"accuracy_val":0.23488372093023255,"_timestamp":1.7287343749431412e+09,"_wandb":{"runtime":1},"_runtime":1.68204,"_step":99,"loss_train":NaN}