{"_wandb":{"runtime":1},"_runtime":1.105566,"_step":99,"mse_train":0.7211438894727206,"mse_val":0.8773076210902544,"_timestamp":1.728735862205636e+09}