{"accuracy_val":0.5906976744186047,"_timestamp":1.728733098415009e+09,"_runtime":1.155976,"_step":99,"loss_train":NaN,"accuracy_train":0.6065318818040435,"loss_val":NaN,"_wandb":{"runtime":1}}