{"_step":99,"loss_train":0.35690459125970236,"accuracy_train":0.06842923794712286,"loss_val":0.37804255468151654,"_wandb":{"runtime":2},"accuracy_val":0.06976744186046512,"_timestamp":1.7287334861253061e+09,"_runtime":2.139832}