{"loss_val":0.3245768208993867,"accuracy_val":0.26976744186046514,"_timestamp":1.728731446000569e+09,"_runtime":1.880225,"_step":99,"_wandb":{"runtime":1},"loss_train":0.30705617546023123,"accuracy_train":0.28771384136858474}