{"mse_train":0.5064140302762817,"mse_val":0.5763796691316382,"_timestamp":1.7287370687555609e+09,"_runtime":1.172952,"_step":99,"_wandb":{"runtime":1}}