{"accuracy_val":0.3744186046511628,"_timestamp":1.728732764363154e+09,"_wandb":{"runtime":1},"_runtime":1.172839,"_step":99,"loss_train":0.2942065980023808,"accuracy_train":0.35303265940902023,"loss_val":0.3039443364961491}