{"_step":99,"loss_train":0.36565072625989753,"accuracy_train":0,"loss_val":0.38085815841537285,"accuracy_val":0,"_wandb":{"runtime":3},"_timestamp":1.728732240848651e+09,"_runtime":3.11153}