{"_runtime":3.267898,"_step":99,"_wandb":{"runtime":3},"mse_train":0.36153565045473796,"mse_val":0.42944593984141927,"_timestamp":1.728736959275985e+09}