{"loss_train":0.19381833408302648,"accuracy_train":0.59375,"loss_val":0.195004687325997,"accuracy_val":0.5872093023255814,"_wandb":{"runtime":1},"_timestamp":1.7287299255491781e+09,"_runtime":1.868074,"_step":99}