{"_wandb":{"runtime":3},"loss_val":0.4061200840305913,"accuracy_val":0.08837209302325581,"_timestamp":1.728732325613568e+09,"_runtime":3.61498,"_step":99,"loss_train":0.3445402945725878,"accuracy_train":0.16174183514774496}