{"_wandb":{"runtime":1},"_runtime":1.79402,"_step":99,"mse_train":0.4240273074436673,"mse_val":0.504200790613968,"_timestamp":1.728735359634306e+09}