{"_wandb":{"runtime":1},"accuracy_val":0.3023255813953488,"_timestamp":1.7287344684978209e+09,"_runtime":1.6862599999999999,"_step":99,"loss_train":0.27360861573447326,"accuracy_train":0.4821150855365474,"loss_val":0.405019828592868}