{"_wandb":{"runtime":1},"_runtime":1.893297,"_step":99,"loss_train":0.195275717412498,"accuracy_train":0.6075,"loss_val":0.19605189370626616,"accuracy_val":0.5755813953488372,"_timestamp":1.728729761397278e+09}