{"_runtime":1.313668,"_step":99,"mse_train":0.3467906075603411,"_wandb":{"runtime":1},"mse_val":0.3385408585095611,"_timestamp":1.72873642560897e+09}