{"_step":99,"loss_train":0.3510963186563508,"_wandb":{"runtime":42},"accuracy_train":0.20625,"loss_val":0.3502625753705478,"accuracy_val":0.26744186046511625,"_timestamp":1.728549954582346e+09,"_runtime":42.523793}