{"_runtime":1.291387,"_step":99,"loss_train":NaN,"accuracy_train":0.6308968377397616,"loss_val":NaN,"_wandb":{"runtime":1},"accuracy_val":0.6581395348837209,"_timestamp":1.7287338601827872e+09}