{"loss_train":NaN,"accuracy_train":0.9015033696215656,"loss_val":NaN,"accuracy_val":0.5209302325581395,"_timestamp":1.72873245650955e+09,"_runtime":3.207469,"_step":99,"_wandb":{"runtime":3}}