{"_timestamp":1.728729797669224e+09,"_runtime":2.016637,"_step":99,"loss_train":0.1943982499477494,"accuracy_train":0.62,"_wandb":{"runtime":2},"loss_val":0.19682293844138704,"accuracy_val":0.5755813953488372}