{"_runtime":2.459352,"_wandb":{"runtime":2},"_step":99,"loss_train":0.34234418698852775,"accuracy_train":0.40902021772939345,"loss_val":0.7792592440794863,"accuracy_val":0.2558139534883721,"_timestamp":1.7287336071761322e+09}