{"loss_train":0.3501712483798121,"accuracy_train":0.04924831518921721,"loss_val":0.3684103954508535,"accuracy_val":0.037209302325581395,"_timestamp":1.7287343391088169e+09,"_wandb":{"runtime":1},"_runtime":1.588303,"_step":99}