{"_timestamp":1.728735155955413e+09,"_runtime":1.898368,"_step":99,"_wandb":{"runtime":1},"mse_train":1.0075678914637682,"mse_val":1.0074709113428153}