{"_runtime":1.135766,"_step":99,"loss_train":0.20125817188723352,"accuracy_train":0.42375,"_wandb":{"runtime":1},"loss_val":0.20258055894314556,"accuracy_val":0.37209302325581395,"_timestamp":1.728729442188672e+09}