{"_runtime":1.265249,"_step":99,"mse_train":1.0120734962720128,"mse_val":1.0160663661521863,"_timestamp":1.7287346212694669e+09,"_wandb":{"runtime":1}}