{"accuracy_val":0.37209302325581395,"_timestamp":1.728729061545275e+09,"_runtime":3.416103,"_step":99,"loss_train":0.2059316727981636,"accuracy_train":0.42375,"_wandb":{"runtime":3},"loss_val":0.20606178468628467}