{"accuracy_val":0.2116279069767442,"_timestamp":1.7287335407838662e+09,"_runtime":4.197461,"_step":99,"loss_train":0.3037968285451225,"_wandb":{"runtime":4},"accuracy_train":0.29808190772420945,"loss_val":0.34977571205710095}