{"accuracy_train":0.44375,"loss_val":0.06406627000042431,"accuracy_val":0.4418604651162791,"_timestamp":1.7285490608980072e+09,"_runtime":27.282557,"_step":99,"_wandb":{"runtime":27},"loss_train":0.06407827609329905}