{"_wandb":{"runtime":1},"accuracy_val":0.4883720930232558,"_timestamp":1.728727247435928e+09,"_runtime":1.951519,"_step":99,"loss_train":0.20725217859457126,"accuracy_train":0.47125,"loss_val":0.20718995912333166}