{"_wandb":{"runtime":1},"loss_train":0.20432445871743782,"accuracy_train":0.38375,"loss_val":0.2037460012662437,"accuracy_val":0.36627906976744184,"_timestamp":1.728730442963934e+09,"_runtime":1.044496,"_step":99}