{"_wandb":{"runtime":1},"mse_val":0.9826015450269944,"_timestamp":1.728734755402282e+09,"_runtime":1.074897,"_step":99,"mse_train":0.9745689427262062}