{"_step":99,"mse_train":0.9892884438060242,"mse_val":0.9980272762669278,"_timestamp":1.728734696748309e+09,"_wandb":{"runtime":2},"_runtime":2.18458}