{"_runtime":38.194728,"_wandb":{"runtime":38},"_step":99,"loss_train":0.3753500077521536,"accuracy_train":0.11125,"loss_val":0.3640538507191371,"accuracy_val":0.11627906976744186,"_timestamp":1.728549374485148e+09}