{"mse_train":1.9993830403816488,"mse_val":1.9993830404046524,"_timestamp":1.728735632220735e+09,"_wandb":{"runtime":1},"_runtime":1.943489,"_step":99}