{"_wandb":{"runtime":1},"mse_train":0.5042913779307576,"mse_val":0.5684877320159887,"_timestamp":1.728734768948621e+09,"_runtime":1.123853,"_step":99}