{"accuracy_train":0.10108864696734059,"loss_val":0.5298830510409986,"accuracy_val":0.06511627906976744,"_wandb":{"runtime":2},"_timestamp":1.7287344208492951e+09,"_runtime":2.582968,"_step":99,"loss_train":0.48890833034479253}