{"mse_train":0.506905111294865,"_wandb":{"runtime":1},"mse_val":0.5781898833364614,"_timestamp":1.72873466021298e+09,"_runtime":1.086756,"_step":99}