{"_step":99,"_wandb":{"runtime":1},"mse_train":0.8245460200394135,"mse_val":0.7636823863504385,"_timestamp":1.7287367639396322e+09,"_runtime":1.47755}