{"accuracy_val":0.06046511627906977,"_timestamp":1.7287329318167932e+09,"_runtime":1.780451,"_step":99,"loss_train":0.35067651630231444,"accuracy_train":0.06220839813374806,"loss_val":0.3712052749611623,"_wandb":{"runtime":1}}