{"accuracy_val":0.06976744186046512,"_timestamp":1.728730917515127e+09,"_runtime":1.6118329999999998,"_step":99,"loss_train":0.24441288246912735,"_wandb":{"runtime":1},"accuracy_train":0.055,"loss_val":0.24663600211996003}