{"accuracy_val":0.29069767441860467,"_timestamp":1.728729640129306e+09,"_runtime":1.3428550000000001,"_wandb":{"runtime":1},"_step":99,"loss_train":0.21823250996482244,"accuracy_train":0.33,"loss_val":0.21893673965497348}