{"mse_train":0.9999999999999999,"mse_val":1,"_timestamp":1.728736420184364e+09,"_runtime":2.063276,"_step":99,"_wandb":{"runtime":2}}