{"accuracy_train":0,"loss_val":0.37485257195903937,"accuracy_val":0,"_timestamp":1.7287316101212878e+09,"_runtime":1.736356,"_wandb":{"runtime":1},"_step":99,"loss_train":0.35978885511689457}