{"mse_val":1.0030679833223108,"_timestamp":1.7287353315349162e+09,"_runtime":1.793204,"_step":99,"_wandb":{"runtime":1},"mse_train":1.0029744686215765}