{"accuracy_train":0.645,"loss_val":0.19605470964009408,"accuracy_val":0.5697674418604651,"_timestamp":1.7287310657200089e+09,"_runtime":1.788046,"_step":99,"loss_train":0.19306404648664194,"_wandb":{"runtime":1}}