{"accuracy_val":0.48255813953488375,"_timestamp":1.728729735493568e+09,"_runtime":1.968056,"_step":99,"loss_train":0.19732481795533324,"accuracy_train":0.55125,"_wandb":{"runtime":1},"loss_val":0.19820524294224975}