{"mse_train":0.9999999999999999,"mse_val":1,"_timestamp":1.728736016702154e+09,"_wandb":{"runtime":1},"_runtime":1.658194,"_step":99}