{"loss_val":0.3807217124224129,"accuracy_val":0.07209302325581396,"_timestamp":1.72873347488611e+09,"_runtime":2.236905,"_step":99,"_wandb":{"runtime":2},"loss_train":NaN,"accuracy_train":0.09175738724727839}