{"_timestamp":1.728736610956783e+09,"_runtime":1.262936,"_step":99,"_wandb":{"runtime":1},"mse_train":0.9999999999999981,"mse_val":1}