{"_wandb":{"runtime":1},"_step":99,"mse_train":0.45623445746323116,"mse_val":0.5423815596367229,"_timestamp":1.728735845581551e+09,"_runtime":1.146051}