{"_runtime":1.289842,"_step":99,"_wandb":{"runtime":1},"mse_train":1.0606586464285228,"mse_val":1.06577417724424,"_timestamp":1.728737032504331e+09}