{"_step":99,"mse_train":0.5076216682446026,"mse_val":0.5549403859491325,"_timestamp":1.7287359651816058e+09,"_runtime":1.154666,"_wandb":{"runtime":1}}