{"accuracy_train":0.10160705028512182,"loss_val":NaN,"accuracy_val":0.10930232558139535,"_timestamp":1.728734111940037e+09,"_runtime":2.27228,"_step":99,"_wandb":{"runtime":2},"loss_train":NaN}