{"_wandb":{"runtime":1},"mse_train":0.9999999999999999,"mse_val":1,"_timestamp":1.7287369948772428e+09,"_runtime":1.681426,"_step":99}