{"_step":99,"_wandb":{"runtime":1},"mse_train":1.0109710585491132,"mse_val":0.984708950771669,"_timestamp":1.728736969747211e+09,"_runtime":1.4936}