{"loss_train":0.23212606017760937,"accuracy_train":0.12125,"_wandb":{"runtime":1},"loss_val":0.22795233210586346,"accuracy_val":0.11046511627906977,"_timestamp":1.728729678461865e+09,"_runtime":1.925427,"_step":99}