{"_step":99,"_wandb":{"runtime":1},"loss_train":0.21175010713602874,"accuracy_train":0.445,"loss_val":0.21324957522001206,"accuracy_val":0.38372093023255816,"_timestamp":1.7287291421663418e+09,"_runtime":1.188232}