{"_step":99,"_wandb":{"runtime":1},"mse_train":0.643708049456898,"mse_val":0.6544774438594148,"_timestamp":1.728736078357625e+09,"_runtime":1.211651}