{"accuracy_val":0.5581395348837209,"_timestamp":1.7287311204443378e+09,"_runtime":2.78437,"_step":99,"_wandb":{"runtime":2},"loss_train":0.17791380552759758,"accuracy_train":0.7575,"loss_val":0.19208731117080932}