{"_wandb":{"runtime":2},"_runtime":2.095196,"_step":99,"loss_train":0.19039054021805965,"accuracy_train":0.655,"loss_val":0.19548253945456442,"accuracy_val":0.5348837209302325,"_timestamp":1.728727542707402e+09}