{"_wandb":{"runtime":1},"accuracy_val":0.4418604651162791,"_timestamp":1.728731019974221e+09,"_runtime":1.669635,"_step":99,"loss_train":0.215444877193703,"accuracy_train":0.40375,"loss_val":0.21505828490022216}