{"loss_val":0.3469781964184702,"accuracy_val":0.1186046511627907,"_timestamp":1.728733683999069e+09,"_runtime":2.338541,"_step":99,"loss_train":0.3274651648843849,"accuracy_train":0.13011923276308968,"_wandb":{"runtime":2}}