{"accuracy_val":0,"_timestamp":1.728731472193293e+09,"_runtime":3.498263,"_step":99,"_wandb":{"runtime":3},"loss_train":0.3584481203309458,"accuracy_train":0,"loss_val":0.37176028079833867}