{"_runtime":1.7001789999999999,"_step":99,"_wandb":{"runtime":1},"mse_train":NaN,"mse_val":NaN,"_timestamp":1.728734862144725e+09}