{"_runtime":2.415076,"_wandb":{"runtime":2},"_step":99,"loss_train":0.39513413766883787,"accuracy_train":0.00673924313115604,"loss_val":0.5323870961348718,"accuracy_val":0.009302325581395349,"_timestamp":1.728734393836258e+09}