{"_timestamp":1.728735700843771e+09,"_runtime":2.807596,"_step":99,"_wandb":{"runtime":2},"mse_train":1.087000284130727,"mse_val":1.699086891106443}