{"loss_train":NaN,"accuracy_train":0.29808190772420945,"loss_val":NaN,"accuracy_val":0.27674418604651163,"_timestamp":1.728732261498931e+09,"_wandb":{"runtime":3},"_runtime":3.049178,"_step":99}