{"_wandb":{"runtime":2},"accuracy_train":0.033696215655780196,"loss_val":0.36467615705360595,"accuracy_val":0.03953488372093023,"_timestamp":1.728733516090019e+09,"_runtime":2.375906,"_step":99,"loss_train":0.34743040466150654}