{"accuracy_train":0.49375,"_wandb":{"runtime":2},"loss_val":0.20382204767749593,"accuracy_val":0.4418604651162791,"_timestamp":1.728731201033566e+09,"_runtime":2.331174,"_step":99,"loss_train":0.2004938877081599}