{"mse_train":0.6102158650497436,"mse_val":0.6647798700541875,"_wandb":{"runtime":2},"_timestamp":1.728736498647053e+09,"_runtime":2.2718220000000002,"_step":99}