{"_wandb":{"runtime":2},"_runtime":2.801208,"_step":99,"loss_train":0.45324408798953203,"accuracy_train":0.20321410057024364,"loss_val":1.137145102378627,"accuracy_val":0.1372093023255814,"_timestamp":1.728733162552819e+09}