{"_step":99,"mse_train":0.626776247498063,"mse_val":0.7744169540216945,"_timestamp":1.7287355182060559e+09,"_wandb":{"runtime":1},"_runtime":1.8880949999999999}