{"mse_train":0.5215550369032245,"mse_val":0.6734021681756144,"_timestamp":1.7287358311542988e+09,"_wandb":{"runtime":1},"_runtime":1.227856,"_step":99}