{"loss_train":0.4063552857077987,"accuracy_train":0.6879212026956972,"loss_val":2.2496403503017874,"_wandb":{"runtime":1},"accuracy_val":0.3767441860465116,"_timestamp":1.728733141507796e+09,"_runtime":1.8310870000000001,"_step":99}