{"_timestamp":1.728735858601175e+09,"_runtime":1.196013,"_step":99,"_wandb":{"runtime":1},"mse_train":0.8623507316860416,"mse_val":0.9108040536574823}