{"_runtime":3.087875,"_step":99,"loss_train":NaN,"accuracy_train":0.30274753758424056,"loss_val":NaN,"accuracy_val":0.2558139534883721,"_wandb":{"runtime":3},"_timestamp":1.728733572694016e+09}