{"accuracy_train":0.63867288750648,"loss_val":1.4302559254358342,"_wandb":{"runtime":3},"accuracy_val":0.3558139534883721,"_timestamp":1.728731698056819e+09,"_runtime":3.186458,"_step":99,"loss_train":0.2662357209735243}