{"loss_val":0.20319309413644607,"accuracy_val":0.37209302325581395,"_timestamp":1.728729438500171e+09,"_runtime":3.7026019999999997,"_step":99,"_wandb":{"runtime":3},"loss_train":0.20275724101520723,"accuracy_train":0.42375}