{"_timestamp":1.728735659853166e+09,"_runtime":1.754213,"_step":99,"_wandb":{"runtime":1},"mse_train":1.1268290644753656,"mse_val":0.9894789968826566}