{"_step":99,"_wandb":{"runtime":1},"mse_train":0.6847015367835171,"mse_val":0.7123550831799664,"_timestamp":1.7287373281497102e+09,"_runtime":1.11882}