{"accuracy_train":0.2581648522550544,"_wandb":{"runtime":1},"loss_val":0.5022769500293541,"accuracy_val":0.20465116279069767,"_timestamp":1.7287316869538062e+09,"_runtime":1.851288,"_step":99,"loss_train":0.40880613443742486}