{"loss_train":0.20445306186795031,"accuracy_train":0.6972524624157594,"loss_val":0.47721889535128337,"accuracy_val":0.3395348837209302,"_timestamp":1.7287332152411132e+09,"_runtime":1.801739,"_step":99,"_wandb":{"runtime":1}}