{"_timestamp":1.728734235450034e+09,"_runtime":1.6001020000000001,"_step":99,"loss_train":NaN,"_wandb":{"runtime":1},"accuracy_train":0.1933644375324002,"loss_val":NaN,"accuracy_val":0.16744186046511628}