{"accuracy_train":0.1375,"loss_val":0.22544948929008427,"accuracy_val":0.1686046511627907,"_timestamp":1.728727277183517e+09,"_wandb":{"runtime":1},"_runtime":1.309352,"_step":99,"loss_train":0.23183318507768993}