{"mse_val":0.3219016369992466,"_timestamp":1.728736592041539e+09,"_runtime":1.373821,"_step":99,"_wandb":{"runtime":1},"mse_train":0.2695025116364763}