{"loss_train":NaN,"accuracy_train":0.7589424572317263,"loss_val":NaN,"accuracy_val":0.6069767441860465,"_timestamp":1.728733244870337e+09,"_wandb":{"runtime":1},"_runtime":1.754695,"_step":99}