{"loss_train":NaN,"accuracy_train":0.3799896319336444,"loss_val":NaN,"_wandb":{"runtime":2},"accuracy_val":0.37906976744186044,"_timestamp":1.728731635676571e+09,"_runtime":2.064752,"_step":99}