{"_timestamp":1.728734733121216e+09,"_runtime":2.037366,"_step":99,"_wandb":{"runtime":2},"mse_train":0.2802384833254657,"mse_val":0.3351693556627118}