{"mse_train":0.8045468442341279,"mse_val":1.0044022014735807,"_timestamp":1.728735511869498e+09,"_runtime":1.181148,"_step":99,"_wandb":{"runtime":1}}