{"accuracy_train":0,"loss_val":0.38310760780456843,"accuracy_val":0,"_timestamp":1.728733504971671e+09,"_runtime":2.344715,"_wandb":{"runtime":2},"_step":99,"loss_train":0.3652162513558984}