{"_wandb":{"runtime":6},"_runtime":6.960243,"_step":99,"mse_train":0.3576071339395979,"mse_val":0.4848162811171371,"_timestamp":1.728737231475924e+09}