{"_wandb":{"runtime":1},"_runtime":1.517424,"_step":99,"mse_train":0.6610809806643688,"mse_val":0.7215562879928356,"_timestamp":1.7287359867965791e+09}