{"_wandb":{"runtime":1},"_runtime":1.191228,"_step":99,"loss_train":0.2064991332186139,"accuracy_train":0.4375,"loss_val":0.20575890579925202,"accuracy_val":0.4883720930232558,"_timestamp":1.728729791810377e+09}