{"_step":99,"loss_train":0.19557783519600822,"accuracy_train":0.59875,"loss_val":0.19597681710818554,"accuracy_val":0.5755813953488372,"_timestamp":1.728727368301514e+09,"_runtime":1.695224,"_wandb":{"runtime":1}}