{"_timestamp":1.728729915016418e+09,"_runtime":1.8987129999999999,"_step":99,"loss_train":0.1945645387014051,"accuracy_train":0.61125,"loss_val":0.1954954691921794,"_wandb":{"runtime":1},"accuracy_val":0.5872093023255814}