{"loss_val":0.20627523848276755,"accuracy_val":0.45348837209302323,"_timestamp":1.7287271311875992e+09,"_runtime":2.013864,"_step":99,"_wandb":{"runtime":2},"loss_train":0.20620269964937732,"accuracy_train":0.4925}