{"accuracy_train":0.42375,"_wandb":{"runtime":27},"loss_val":0.09429869597236326,"accuracy_val":0.37209302325581395,"_timestamp":1.728548946000365e+09,"_runtime":27.484307,"_step":99,"loss_train":0.09277698432116915}