{"_wandb":{"runtime":5},"loss_val":0.19115743884838582,"accuracy_val":0.5465116279069767,"_timestamp":1.7287274537797801e+09,"_runtime":5.094538,"_step":99,"loss_train":0.16736699826194554,"accuracy_train":0.84875}