{"_runtime":1.149551,"_step":99,"mse_train":0.6705350603921094,"mse_val":0.6599173344599278,"_timestamp":1.728735934122047e+09,"_wandb":{"runtime":1}}