{"_timestamp":1.7287346459389818e+09,"_runtime":1.172808,"_step":99,"_wandb":{"runtime":1},"mse_train":0.6563677034168511,"mse_val":0.7309174363636443}