{"accuracy_train":0.24779678589942974,"loss_val":0.34561911269076817,"accuracy_val":0.1930232558139535,"_timestamp":1.728733072026999e+09,"_runtime":1.85696,"_step":99,"_wandb":{"runtime":1},"loss_train":0.312849044485228}