{"loss_val":0.3703398882615831,"accuracy_val":0.1186046511627907,"_timestamp":1.728731726946765e+09,"_wandb":{"runtime":1},"_runtime":1.59067,"_step":99,"loss_train":NaN,"accuracy_train":0.10005184033177812}