{"_runtime":2.142061,"_step":99,"loss_train":0.18504338993767558,"accuracy_train":0.7225,"loss_val":0.19340052826467424,"accuracy_val":0.5697674418604651,"_timestamp":1.728727469334968e+09,"_wandb":{"runtime":2}}