{"_wandb":{"runtime":1},"mse_train":0.8058371394757338,"mse_val":0.8152459493212527,"_timestamp":1.728736812137129e+09,"_runtime":1.863891,"_step":99}