{"_timestamp":1.728729878662188e+09,"_runtime":1.994828,"_step":99,"loss_train":0.18545399365310128,"accuracy_train":0.72125,"_wandb":{"runtime":1},"loss_val":0.19453895565911636,"accuracy_val":0.5348837209302325}