{"_wandb":{"runtime":2},"loss_train":NaN,"accuracy_train":0.17573872472783825,"loss_val":NaN,"accuracy_val":0.17209302325581396,"_timestamp":1.728733411420167e+09,"_runtime":2.2570740000000002,"_step":99}