{"_step":99,"loss_train":1.7688363495354809,"accuracy_train":0.1980300673924313,"loss_val":2.216421018895776,"_wandb":{"runtime":2},"accuracy_val":0.15813953488372093,"_timestamp":1.728734247003747e+09,"_runtime":2.916858}