{"accuracy_train":0.585,"loss_val":0.1963153395656424,"accuracy_val":0.5813953488372093,"_timestamp":1.728729687298486e+09,"_runtime":1.883671,"_wandb":{"runtime":1},"_step":99,"loss_train":0.1954042250822403}