{"_step":99,"mse_train":0.7738347587942954,"mse_val":0.8317346228850474,"_timestamp":1.728735799450547e+09,"_runtime":1.167801,"_wandb":{"runtime":1}}