{"loss_train":NaN,"accuracy_train":0.2716433385173665,"loss_val":NaN,"accuracy_val":0.2534883720930233,"_timestamp":1.7287320973720121e+09,"_runtime":3.070723,"_step":99,"_wandb":{"runtime":3}}