{"_step":99,"_wandb":{"runtime":1},"mse_train":0.7061218007663328,"mse_val":0.7849674627346606,"_timestamp":1.728736096520332e+09,"_runtime":1.263725}