{"_runtime":1.068169,"_step":99,"loss_train":0.42029676357095563,"accuracy_train":0.11923276308968378,"loss_val":0.42949468738734586,"accuracy_val":0.14186046511627906,"_timestamp":1.72873366758248e+09,"_wandb":{"runtime":1}}