{"_wandb":{"runtime":1},"_step":99,"mse_train":0.9820020945595476,"mse_val":0.9848839251733797,"_timestamp":1.72873716729442e+09,"_runtime":1.346463}