{"_wandb":{"runtime":1},"accuracy_val":0.44883720930232557,"_timestamp":1.728731934552955e+09,"_runtime":1.669249,"_step":99,"loss_train":NaN,"accuracy_train":0.6070502851218248,"loss_val":NaN}