{"_timestamp":1.728736246982542e+09,"_runtime":1.251623,"_step":99,"_wandb":{"runtime":1},"mse_train":0.9999999999999999,"mse_val":1}