{"_timestamp":1.728736346802022e+09,"_runtime":1.527809,"_step":99,"_wandb":{"runtime":1},"mse_train":0.7464368225984345,"mse_val":0.9235793181817756}