{"accuracy_val":0.11395348837209303,"_wandb":{"runtime":2},"_timestamp":1.728733046840959e+09,"_runtime":2.419534,"_step":99,"loss_train":NaN,"accuracy_train":0.11145671332296526,"loss_val":0.3718955761736537}