{"_timestamp":1.72873732369579e+09,"_runtime":1.369483,"_step":99,"mse_train":0.6540788311331406,"mse_val":0.6724900212472111,"_wandb":{"runtime":1}}