{"_step":99,"loss_train":0.1938485298617369,"accuracy_train":0.61375,"loss_val":0.19636025244718264,"_wandb":{"runtime":1},"accuracy_val":0.5930232558139535,"_timestamp":1.728727570346268e+09,"_runtime":1.749384}