{"loss_train":0.20045746410520845,"accuracy_train":0.46875,"loss_val":0.20213158781661042,"accuracy_val":0.4186046511627907,"_timestamp":1.728731386038717e+09,"_runtime":1.954393,"_step":99,"_wandb":{"runtime":1}}