{"loss_val":0.2053131849713661,"accuracy_val":0.37209302325581395,"_timestamp":1.728729271949342e+09,"_runtime":3.438135,"_step":99,"loss_train":0.20490336189860187,"accuracy_train":0.42375,"_wandb":{"runtime":3}}