{"accuracy_train":0.24,"loss_val":0.2086224679359666,"accuracy_val":0.22674418604651161,"_timestamp":1.728730147291189e+09,"_runtime":1.912134,"_wandb":{"runtime":1},"_step":99,"loss_train":0.20845786930550347}