{"_runtime":1.245218,"_step":99,"loss_train":0.24834249054519547,"accuracy_train":0.08875,"loss_val":0.24953402402118863,"accuracy_val":0.08139534883720931,"_wandb":{"runtime":1},"_timestamp":1.728730954722105e+09}