{"accuracy_val":0.3313953488372093,"_timestamp":1.728727300894041e+09,"_runtime":1.7287270000000001,"_step":99,"loss_train":0.21048673482294442,"accuracy_train":0.34625,"loss_val":0.20880253936861487,"_wandb":{"runtime":1}}