{"_timestamp":1.72873335280913e+09,"_runtime":2.3480119999999998,"_wandb":{"runtime":2},"_step":99,"loss_train":0.36505919062934294,"accuracy_train":0,"loss_val":0.38184767051344587,"accuracy_val":0}