{"accuracy_val":0.4418604651162791,"_timestamp":1.7287297409497879e+09,"_runtime":2.00103,"_step":99,"loss_train":0.19841923060380523,"accuracy_train":0.54,"_wandb":{"runtime":2},"loss_val":0.20139481635804962}