{"_runtime":13.966194,"_step":99,"_wandb":{"runtime":13},"loss_train":0.18186829524409961,"accuracy_train":0.6075,"loss_val":0.20768400109460922,"accuracy_val":0.38953488372093026,"_timestamp":1.7287284953796391e+09}