{"loss_train":NaN,"_wandb":{"runtime":3},"accuracy_train":0.5609123898392949,"loss_val":NaN,"accuracy_val":0.3511627906976744,"_timestamp":1.728732475745365e+09,"_runtime":3.134229,"_step":99}