{"_timestamp":1.728735489166677e+09,"_runtime":1.805242,"_step":99,"mse_train":0.6279046117684813,"mse_val":0.6886010732130287,"_wandb":{"runtime":1}}