{"mse_train":0.6535270122705263,"mse_val":0.6252157277929657,"_timestamp":1.7287347643370082e+09,"_runtime":1.9435090000000002,"_step":99,"_wandb":{"runtime":1}}