{"_timestamp":1.728733255928575e+09,"_runtime":1.736029,"_step":99,"_wandb":{"runtime":1},"loss_train":NaN,"accuracy_train":0.5733540694660446,"loss_val":NaN,"accuracy_val":0.47674418604651164}