{"_wandb":{"runtime":2},"accuracy_train":0.7278382581648523,"loss_val":NaN,"accuracy_val":0.4046511627906977,"_timestamp":1.7287337220804422e+09,"_runtime":2.278634,"_step":99,"loss_train":NaN}