{"_timestamp":1.72873246352216e+09,"_runtime":4.024191,"_step":99,"_wandb":{"runtime":4},"loss_train":NaN,"accuracy_train":0.8766200103680664,"loss_val":NaN,"accuracy_val":0.4883720930232558}