{"_wandb":{"runtime":1},"mse_train":0.3976367299643889,"mse_val":0.5086753021627028,"_timestamp":1.7287355285610182e+09,"_runtime":1.750505,"_step":99}