{"_timestamp":1.728549728265787e+09,"_runtime":48.645275,"_step":99,"_wandb":{"runtime":48},"loss_train":0.0886946907780035,"accuracy_train":0.40625,"loss_val":0.08810331096963367,"accuracy_val":0.45348837209302323}