{"_runtime":1.182987,"_step":99,"mse_train":0.6620810202795943,"mse_val":0.7144851615400898,"_timestamp":1.728735868269002e+09,"_wandb":{"runtime":1}}