{"accuracy_train":0.05443234836702955,"loss_val":0.3772421283261718,"accuracy_val":0.044186046511627906,"_timestamp":1.7287340957121952e+09,"_wandb":{"runtime":1},"_runtime":1.569974,"_step":99,"loss_train":0.3600465282410691}