{"mse_train":0.9999999999999997,"mse_val":1,"_timestamp":1.728735654024402e+09,"_runtime":3.011582,"_step":99,"_wandb":{"runtime":3}}