{"accuracy_val":0.002325581395348837,"_timestamp":1.728733296892421e+09,"_runtime":1.836836,"_step":99,"loss_train":0.3174189571660576,"accuracy_train":0.0036288232244686366,"loss_val":0.46053037799890745,"_wandb":{"runtime":1}}