{"accuracy_val":0.19069767441860466,"_timestamp":1.728732176782277e+09,"_runtime":1.152415,"_step":99,"loss_train":NaN,"_wandb":{"runtime":1},"accuracy_train":0.1902540176257128,"loss_val":NaN}