{"_wandb":{"runtime":1},"accuracy_train":0.36625,"loss_val":0.21456890460557348,"accuracy_val":0.3546511627906977,"_timestamp":1.728730974769902e+09,"_runtime":1.9733640000000001,"_step":99,"loss_train":0.2152369731143467}