{"_step":99,"loss_train":0.533051156074206,"accuracy_train":0.25090720580611714,"loss_val":0.7739234839116915,"accuracy_val":0.2651162790697674,"_timestamp":1.7287316918934631e+09,"_wandb":{"runtime":2},"_runtime":2.01562}