{"loss_val":0.2272882452870783,"accuracy_val":0.26744186046511625,"_timestamp":1.728730634134748e+09,"_runtime":4.171279,"_step":99,"_wandb":{"runtime":4},"loss_train":0.2319550144549238,"accuracy_train":0.2625}