{"_step":99,"_wandb":{"runtime":13},"epoch":99,"mse":1.0231604008827808,"rmse":1.0115139153184107,"r2":-0.023160400881452103,"_timestamp":1.7284219915631309e+09,"_runtime":13.045543}