{"mse_train":0.5104375362464512,"mse_val":0.4927004926297838,"_timestamp":1.728735840663619e+09,"_runtime":1.229325,"_step":99,"_wandb":{"runtime":1}}