{"_step":99,"mse_train":0.6240210920422594,"_wandb":{"runtime":1},"mse_val":0.7488968666332738,"_timestamp":1.728735969915016e+09,"_runtime":1.21073}