{"_wandb":{"runtime":2},"loss_train":0.16664296911840976,"accuracy_train":0.8575,"loss_val":0.19373784138761363,"accuracy_val":0.5174418604651163,"_timestamp":1.728729896250499e+09,"_runtime":2.970541,"_step":99}