{"mse_val":1.0705878224730634,"_timestamp":1.7287356748326972e+09,"_runtime":1.8004419999999999,"_wandb":{"runtime":1},"_step":99,"mse_train":1.03045673906241}