{"_wandb":{"runtime":2},"mse_train":0.6254809140935005,"mse_val":0.6666579297643208,"_timestamp":1.728734635005792e+09,"_runtime":2.142759,"_step":99}